network_id,seed,arm_id,experimental_group,hypothesis,vector,control_mirror_of,test_context,cue_regime,reward_present,initial_state_reset,synaptic_plasticity_during_probe,cue_remains_on,pre_light_steps,light_state,manipulation,manipulation_strength,cue_a,cue_b,recall_qualified,available_effective_final_a_access,effective_manipulated_final_a_fraction,manipulated_count,state_class,signed_retrieval_evidence,neural_competition_index,a_unique_activity,b_unique_activity,shared_activity,tagged_reactivation,chance_reactivation,reactivation_enrichment,convergence_status,convergence_steps,asymptotic_window_size,microstate_cycle_length,microstate_classes,macrostate_stable_across_cycle,counterbalance_block,canonical_tagged_memory,physical_tagged_context,physical_untagged_context,tagged_rewarded_odor,untagged_rewarded_odor,light_order,expected_discrimination_beta_1,expected_discrimination_beta_2,expected_discrimination_beta_4,expected_discrimination_beta_8
network_001,20260815,H1_ARCHT_TAGGED_CONTEXT,G1,H1,ArchT,,tagged_context,tagged_context_partial_cue,False,True,False,True,1,off,none,0.0,1.0,0.0,True,0.25,0.0,0,A,1.0,1.0,1.0,0.0,1.0,1.0,0.08,12.5,fixed_point,2,1,,A,True,0,A,A,B,mint,carvone,off_then_on,0.46211715726000974,0.7615941559557649,0.9640275800758169,0.999329299739067
network_001,20260815,H1_ARCHT_TAGGED_CONTEXT,G1,H1,ArchT,,tagged_context,tagged_context_partial_cue,False,True,False,True,1,on,suppress,1.0,1.0,0.0,True,0.25,0.25,48,A,0.7922077922077922,1.0,0.7922077922077922,0.0,0.8157894736842105,0.59375,0.06375,9.313725490196079,fixed_point,2,1,,A,True,0,A,A,B,mint,carvone,off_then_on,0.3766103793667801,0.6596579273572187,0.9192886869455941,0.9964693808494924
network_001,20260815,H2_CHR2_UNTAGGED_CONTEXT,G2,H2,ChR2,,untagged_context,untagged_context_partial_cue,False,True,False,True,1,off,none,0.0,0.0,1.0,True,0.25,0.0,0,B,-1.0,-1.0,0.0,1.0,1.0,0.19791666666666666,0.08,2.473958333333333,fixed_point,2,1,,B,True,0,A,A,B,mint,carvone,off_then_on,-0.46211715726000974,-0.7615941559557649,-0.9640275800758169,-0.999329299739067
network_001,20260815,H2_CHR2_UNTAGGED_CONTEXT,G2,H2,ChR2,,untagged_context,untagged_context_partial_cue,False,True,False,True,1,on,activate,1.0,0.0,1.0,True,0.25,0.25,48,A,0.6103896103896105,0.6103896103896105,0.8051948051948052,0.19480519480519481,1.0,0.890625,0.08,11.1328125,cycle,2,2,2,A,True,0,A,A,B,mint,carvone,off_then_on,0.29605934470830425,0.5444012974765994,0.8398838805372157,0.9849671059236734
network_001,20260815,H3_ARCHT_C_TAGGED_LEADING,G3,H3,ArchT,,neutral_C,tone_present_tagged_high,False,True,False,True,1,off,none,0.0,0.325,0.175,True,0.25,0.0,0,A,1.0,1.0,1.0,0.0,1.0,1.0,0.08,12.5,fixed_point,3,1,,A,True,0,A,A,B,mint,carvone,off_then_on,0.46211715726000974,0.7615941559557649,0.9640275800758169,0.999329299739067
network_001,20260815,H3_ARCHT_C_TAGGED_LEADING,G3,H3,ArchT,,neutral_C,tone_present_tagged_high,False,True,False,True,1,on,suppress,1.0,0.325,0.175,True,0.25,0.25,48,A,0.4610389610389611,0.44099378881987583,0.7532467532467533,0.2922077922077922,0.8157894736842105,0.53125,0.08,6.640625,cycle,6,2,2,A,True,0,A,A,B,mint,carvone,off_then_on,0.2265212352361233,0.4309306147819752,0.7268789416553123,0.9511924845142171
network_001,20260815,H3_ARCHT_C_TAGGED_TRAILING,G3,H3,ArchT,,neutral_C,tone_present_untagged_high,False,True,False,True,1,off,none,0.0,0.175,0.325,True,0.25,0.0,0,B,-1.0,-1.0,0.0,1.0,1.0,0.19791666666666666,0.08,2.473958333333333,fixed_point,3,1,,B,True,0,A,A,B,mint,carvone,off_then_on,-0.46211715726000974,-0.7615941559557649,-0.9640275800758169,-0.999329299739067
network_001,20260815,H3_ARCHT_C_TAGGED_TRAILING,G3,H3,ArchT,,neutral_C,tone_present_untagged_high,False,True,False,True,1,on,suppress,1.0,0.175,0.325,True,0.25,0.25,48,B,-0.948051948051948,-0.9012345679012346,0.05194805194805195,1.0,0.7894736842105263,0.14583333333333334,0.08,1.8229166666666667,cycle,5,2,2,B,True,0,A,A,B,mint,carvone,off_then_on,-0.44144648067770365,-0.7388998554879961,-0.9559026673679503,-0.9989838929655188
network_001,20260815,EGFP_TAGGED_CONTEXT_CONTROL,G4,CONTROL,EGFP,H1_ARCHT_TAGGED_CONTEXT,tagged_context,tagged_context_partial_cue,False,True,False,True,1,off,none,0.0,1.0,0.0,True,0.25,0.0,0,A,1.0,1.0,1.0,0.0,1.0,1.0,0.08,12.5,fixed_point,2,1,,A,True,0,A,A,B,mint,carvone,off_then_on,0.46211715726000974,0.7615941559557649,0.9640275800758169,0.999329299739067
network_001,20260815,EGFP_TAGGED_CONTEXT_CONTROL,G4,CONTROL,EGFP,H1_ARCHT_TAGGED_CONTEXT,tagged_context,tagged_context_partial_cue,False,True,False,True,1,on,none,0.0,1.0,0.0,True,0.25,0.0,0,A,1.0,1.0,1.0,0.0,1.0,1.0,0.08,12.5,fixed_point,2,1,,A,True,0,A,A,B,mint,carvone,off_then_on,0.46211715726000974,0.7615941559557649,0.9640275800758169,0.999329299739067
network_001,20260815,EGFP_UNTAGGED_CONTEXT_CONTROL,G4,CONTROL,EGFP,H2_CHR2_UNTAGGED_CONTEXT,untagged_context,untagged_context_partial_cue,False,True,False,True,1,off,none,0.0,0.0,1.0,True,0.25,0.0,0,B,-1.0,-1.0,0.0,1.0,1.0,0.19791666666666666,0.08,2.473958333333333,fixed_point,2,1,,B,True,0,A,A,B,mint,carvone,off_then_on,-0.46211715726000974,-0.7615941559557649,-0.9640275800758169,-0.999329299739067
network_001,20260815,EGFP_UNTAGGED_CONTEXT_CONTROL,G4,CONTROL,EGFP,H2_CHR2_UNTAGGED_CONTEXT,untagged_context,untagged_context_partial_cue,False,True,False,True,1,on,none,0.0,0.0,1.0,True,0.25,0.0,0,B,-1.0,-1.0,0.0,1.0,1.0,0.19791666666666666,0.08,2.473958333333333,fixed_point,2,1,,B,True,0,A,A,B,mint,carvone,off_then_on,-0.46211715726000974,-0.7615941559557649,-0.9640275800758169,-0.999329299739067
network_001,20260815,EGFP_C_TAGGED_LEADING_CONTROL,G4,CONTROL,EGFP,H3_ARCHT_C_TAGGED_LEADING,neutral_C,tone_present_tagged_high,False,True,False,True,1,off,none,0.0,0.325,0.175,True,0.25,0.0,0,A,1.0,1.0,1.0,0.0,1.0,1.0,0.08,12.5,fixed_point,3,1,,A,True,0,A,A,B,mint,carvone,off_then_on,0.46211715726000974,0.7615941559557649,0.9640275800758169,0.999329299739067
network_001,20260815,EGFP_C_TAGGED_LEADING_CONTROL,G4,CONTROL,EGFP,H3_ARCHT_C_TAGGED_LEADING,neutral_C,tone_present_tagged_high,False,True,False,True,1,on,none,0.0,0.325,0.175,True,0.25,0.0,0,A,1.0,1.0,1.0,0.0,1.0,1.0,0.08,12.5,fixed_point,3,1,,A,True,0,A,A,B,mint,carvone,off_then_on,0.46211715726000974,0.7615941559557649,0.9640275800758169,0.999329299739067
network_001,20260815,EGFP_C_TAGGED_TRAILING_CONTROL,G4,CONTROL,EGFP,H3_ARCHT_C_TAGGED_TRAILING,neutral_C,tone_present_untagged_high,False,True,False,True,1,off,none,0.0,0.175,0.325,True,0.25,0.0,0,B,-1.0,-1.0,0.0,1.0,1.0,0.19791666666666666,0.08,2.473958333333333,fixed_point,3,1,,B,True,0,A,A,B,mint,carvone,off_then_on,-0.46211715726000974,-0.7615941559557649,-0.9640275800758169,-0.999329299739067
network_001,20260815,EGFP_C_TAGGED_TRAILING_CONTROL,G4,CONTROL,EGFP,H3_ARCHT_C_TAGGED_TRAILING,neutral_C,tone_present_untagged_high,False,True,False,True,1,on,none,0.0,0.175,0.325,True,0.25,0.0,0,B,-1.0,-1.0,0.0,1.0,1.0,0.19791666666666666,0.08,2.473958333333333,fixed_point,3,1,,B,True,0,A,A,B,mint,carvone,off_then_on,-0.46211715726000974,-0.7615941559557649,-0.9640275800758169,-0.999329299739067
network_002,20260816,H1_ARCHT_TAGGED_CONTEXT,G1,H1,ArchT,,tagged_context,tagged_context_partial_cue,False,True,False,True,1,on,suppress,1.0,1.0,0.0,True,0.25,0.25,48,A,0.8116883116883117,1.0,0.8116883116883117,0.0,0.7631578947368421,0.6041666666666666,0.06416666666666666,9.415584415584416,fixed_point,2,1,,A,True,1,A,B,A,mint,carvone,on_then_off,0.38493831310664894,0.6705205623080887,0.9251125394721997,0.9969781057306213
network_002,20260816,H1_ARCHT_TAGGED_CONTEXT,G1,H1,ArchT,,tagged_context,tagged_context_partial_cue,False,True,False,True,1,off,none,0.0,1.0,0.0,True,0.25,0.0,0,A,1.0,1.0,1.0,0.0,1.0,1.0,0.08,12.5,fixed_point,2,1,,A,True,1,A,B,A,mint,carvone,on_then_off,0.46211715726000974,0.7615941559557649,0.9640275800758169,0.999329299739067
network_002,20260816,H2_CHR2_UNTAGGED_CONTEXT,G2,H2,ChR2,,untagged_context,untagged_context_partial_cue,False,True,False,True,1,on,activate,1.0,0.0,1.0,True,0.25,0.25,48,A,0.6103896103896105,0.6103896103896105,0.8051948051948052,0.19480519480519481,1.0,0.8958333333333334,0.08,11.197916666666666,cycle,2,2,2,A,True,1,A,B,A,mint,carvone,on_then_off,0.29605934470830425,0.5444012974765994,0.8398838805372157,0.9849671059236734
network_002,20260816,H2_CHR2_UNTAGGED_CONTEXT,G2,H2,ChR2,,untagged_context,untagged_context_partial_cue,False,True,False,True,1,off,none,0.0,0.0,1.0,True,0.25,0.0,0,B,-1.0,-1.0,0.0,1.0,1.0,0.20833333333333334,0.08,2.6041666666666665,fixed_point,2,1,,B,True,1,A,B,A,mint,carvone,on_then_off,-0.46211715726000974,-0.7615941559557649,-0.9640275800758169,-0.999329299739067
network_002,20260816,H3_ARCHT_C_TAGGED_LEADING,G3,H3,ArchT,,neutral_C,tone_present_tagged_high,False,True,False,True,1,on,suppress,1.0,0.325,0.175,True,0.25,0.25,48,A,0.461038961038961,0.43558282208588955,0.7597402597402597,0.2987012987012987,0.7631578947368421,0.5208333333333334,0.08,6.510416666666667,cycle,6,2,2,A,True,1,A,B,A,mint,carvone,on_then_off,0.22652123523612328,0.43093061478197514,0.7268789416553123,0.9511924845142171
network_002,20260816,H3_ARCHT_C_TAGGED_LEADING,G3,H3,ArchT,,neutral_C,tone_present_tagged_high,False,True,False,True,1,off,none,0.0,0.325,0.175,True,0.25,0.0,0,A,1.0,1.0,1.0,0.0,1.0,1.0,0.08,12.5,fixed_point,3,1,,A,True,1,A,B,A,mint,carvone,on_then_off,0.46211715726000974,0.7615941559557649,0.9640275800758169,0.999329299739067
network_002,20260816,H3_ARCHT_C_TAGGED_TRAILING,G3,H3,ArchT,,neutral_C,tone_present_untagged_high,False,True,False,True,1,on,suppress,1.0,0.175,0.325,True,0.25,0.25,48,B,-0.961038961038961,-0.925,0.03896103896103896,1.0,0.7631578947368421,0.14583333333333334,0.07875,1.8518518518518519,fixed_point,4,1,,B,True,1,A,B,A,mint,carvone,on_then_off,-0.4466595484090612,-0.7447399397050122,-0.9580881748179859,-0.9990841175707301
network_002,20260816,H3_ARCHT_C_TAGGED_TRAILING,G3,H3,ArchT,,neutral_C,tone_present_untagged_high,False,True,False,True,1,off,none,0.0,0.175,0.325,True,0.25,0.0,0,B,-1.0,-1.0,0.0,1.0,1.0,0.20833333333333334,0.08,2.6041666666666665,fixed_point,3,1,,B,True,1,A,B,A,mint,carvone,on_then_off,-0.46211715726000974,-0.7615941559557649,-0.9640275800758169,-0.999329299739067
network_002,20260816,EGFP_TAGGED_CONTEXT_CONTROL,G4,CONTROL,EGFP,H1_ARCHT_TAGGED_CONTEXT,tagged_context,tagged_context_partial_cue,False,True,False,True,1,on,none,0.0,1.0,0.0,True,0.25,0.0,0,A,1.0,1.0,1.0,0.0,1.0,1.0,0.08,12.5,fixed_point,2,1,,A,True,1,A,B,A,mint,carvone,on_then_off,0.46211715726000974,0.7615941559557649,0.9640275800758169,0.999329299739067
network_002,20260816,EGFP_TAGGED_CONTEXT_CONTROL,G4,CONTROL,EGFP,H1_ARCHT_TAGGED_CONTEXT,tagged_context,tagged_context_partial_cue,False,True,False,True,1,off,none,0.0,1.0,0.0,True,0.25,0.0,0,A,1.0,1.0,1.0,0.0,1.0,1.0,0.08,12.5,fixed_point,2,1,,A,True,1,A,B,A,mint,carvone,on_then_off,0.46211715726000974,0.7615941559557649,0.9640275800758169,0.999329299739067
network_002,20260816,EGFP_UNTAGGED_CONTEXT_CONTROL,G4,CONTROL,EGFP,H2_CHR2_UNTAGGED_CONTEXT,untagged_context,untagged_context_partial_cue,False,True,False,True,1,on,none,0.0,0.0,1.0,True,0.25,0.0,0,B,-1.0,-1.0,0.0,1.0,1.0,0.20833333333333334,0.08,2.6041666666666665,fixed_point,2,1,,B,True,1,A,B,A,mint,carvone,on_then_off,-0.46211715726000974,-0.7615941559557649,-0.9640275800758169,-0.999329299739067
network_002,20260816,EGFP_UNTAGGED_CONTEXT_CONTROL,G4,CONTROL,EGFP,H2_CHR2_UNTAGGED_CONTEXT,untagged_context,untagged_context_partial_cue,False,True,False,True,1,off,none,0.0,0.0,1.0,True,0.25,0.0,0,B,-1.0,-1.0,0.0,1.0,1.0,0.20833333333333334,0.08,2.6041666666666665,fixed_point,2,1,,B,True,1,A,B,A,mint,carvone,on_then_off,-0.46211715726000974,-0.7615941559557649,-0.9640275800758169,-0.999329299739067
network_002,20260816,EGFP_C_TAGGED_LEADING_CONTROL,G4,CONTROL,EGFP,H3_ARCHT_C_TAGGED_LEADING,neutral_C,tone_present_tagged_high,False,True,False,True,1,on,none,0.0,0.325,0.175,True,0.25,0.0,0,A,1.0,1.0,1.0,0.0,1.0,1.0,0.08,12.5,fixed_point,3,1,,A,True,1,A,B,A,mint,carvone,on_then_off,0.46211715726000974,0.7615941559557649,0.9640275800758169,0.999329299739067
network_002,20260816,EGFP_C_TAGGED_LEADING_CONTROL,G4,CONTROL,EGFP,H3_ARCHT_C_TAGGED_LEADING,neutral_C,tone_present_tagged_high,False,True,False,True,1,off,none,0.0,0.325,0.175,True,0.25,0.0,0,A,1.0,1.0,1.0,0.0,1.0,1.0,0.08,12.5,fixed_point,3,1,,A,True,1,A,B,A,mint,carvone,on_then_off,0.46211715726000974,0.7615941559557649,0.9640275800758169,0.999329299739067
network_002,20260816,EGFP_C_TAGGED_TRAILING_CONTROL,G4,CONTROL,EGFP,H3_ARCHT_C_TAGGED_TRAILING,neutral_C,tone_present_untagged_high,False,True,False,True,1,on,none,0.0,0.175,0.325,True,0.25,0.0,0,B,-1.0,-1.0,0.0,1.0,1.0,0.20833333333333334,0.08,2.6041666666666665,fixed_point,3,1,,B,True,1,A,B,A,mint,carvone,on_then_off,-0.46211715726000974,-0.7615941559557649,-0.9640275800758169,-0.999329299739067
network_002,20260816,EGFP_C_TAGGED_TRAILING_CONTROL,G4,CONTROL,EGFP,H3_ARCHT_C_TAGGED_TRAILING,neutral_C,tone_present_untagged_high,False,True,False,True,1,off,none,0.0,0.175,0.325,True,0.25,0.0,0,B,-1.0,-1.0,0.0,1.0,1.0,0.20833333333333334,0.08,2.6041666666666665,fixed_point,3,1,,B,True,1,A,B,A,mint,carvone,on_then_off,-0.46211715726000974,-0.7615941559557649,-0.9640275800758169,-0.999329299739067
network_003,20260817,H1_ARCHT_TAGGED_CONTEXT,G1,H1,ArchT,,tagged_context,tagged_context_partial_cue,False,True,False,True,1,off,none,0.0,1.0,0.0,True,0.25,0.0,0,A,1.0,1.0,1.0,0.0,1.0,1.0,0.08,12.5,fixed_point,2,1,,A,True,2,A,A,B,carvone,mint,off_then_on,0.46211715726000974,0.7615941559557649,0.9640275800758169,0.999329299739067
network_003,20260817,H1_ARCHT_TAGGED_CONTEXT,G1,H1,ArchT,,tagged_context,tagged_context_partial_cue,False,True,False,True,1,on,suppress,1.0,1.0,0.0,True,0.25,0.25,48,A,0.7857142857142857,1.0,0.7857142857142857,0.0,0.8421052631578947,0.59375,0.06375,9.313725490196079,fixed_point,2,1,,A,True,2,A,A,B,carvone,mint,off_then_on,0.3738207293206251,0.6559743341284774,0.9172526978798492,0.9962814746419252
network_003,20260817,H2_CHR2_UNTAGGED_CONTEXT,G2,H2,ChR2,,untagged_context,untagged_context_partial_cue,False,True,False,True,1,off,none,0.0,0.0,1.0,True,0.25,0.0,0,B,-1.0,-1.0,0.0,1.0,1.0,0.1875,0.08,2.34375,fixed_point,2,1,,B,True,2,A,A,B,carvone,mint,off_then_on,-0.46211715726000974,-0.7615941559557649,-0.9640275800758169,-0.999329299739067
network_003,20260817,H2_CHR2_UNTAGGED_CONTEXT,G2,H2,ChR2,,untagged_context,untagged_context_partial_cue,False,True,False,True,1,on,activate,1.0,0.0,1.0,True,0.25,0.25,48,A,0.6103896103896105,0.6103896103896105,0.8051948051948052,0.19480519480519481,1.0,0.9010416666666666,0.08,11.263020833333332,cycle,2,2,2,A,True,2,A,A,B,carvone,mint,off_then_on,0.29605934470830425,0.5444012974765994,0.8398838805372157,0.9849671059236734
network_003,20260817,H3_ARCHT_C_TAGGED_LEADING,G3,H3,ArchT,,neutral_C,tone_present_tagged_high,False,True,False,True,1,off,none,0.0,0.325,0.175,True,0.25,0.0,0,A,1.0,1.0,1.0,0.0,1.0,1.0,0.08,12.5,fixed_point,4,1,,A,True,2,A,A,B,carvone,mint,off_then_on,0.46211715726000974,0.7615941559557649,0.9640275800758169,0.999329299739067
network_003,20260817,H3_ARCHT_C_TAGGED_LEADING,G3,H3,ArchT,,neutral_C,tone_present_tagged_high,False,True,False,True,1,on,suppress,1.0,0.325,0.175,True,0.25,0.25,48,A,0.4415584415584416,0.4250000000000001,0.7402597402597403,0.2987012987012987,0.8421052631578947,0.5208333333333334,0.08,6.510416666666667,cycle,6,2,2,A,True,2,A,A,B,carvone,mint,off_then_on,0.21726062691433867,0.41493539845924027,0.7079773551997706,0.9431951698728678
network_003,20260817,H3_ARCHT_C_TAGGED_TRAILING,G3,H3,ArchT,,neutral_C,tone_present_untagged_high,False,True,False,True,1,off,none,0.0,0.175,0.325,True,0.25,0.0,0,B,-1.0,-1.0,0.0,1.0,1.0,0.1875,0.08,2.34375,fixed_point,3,1,,B,True,2,A,A,B,carvone,mint,off_then_on,-0.46211715726000974,-0.7615941559557649,-0.9640275800758169,-0.999329299739067
network_003,20260817,H3_ARCHT_C_TAGGED_TRAILING,G3,H3,ArchT,,neutral_C,tone_present_untagged_high,False,True,False,True,1,on,suppress,1.0,0.175,0.325,True,0.25,0.25,48,B,-0.948051948051948,-0.9012345679012346,0.05194805194805195,1.0,0.7894736842105263,0.11979166666666666,0.08,1.4973958333333333,cycle,5,2,2,B,True,2,A,A,B,carvone,mint,off_then_on,-0.44144648067770365,-0.7388998554879961,-0.9559026673679503,-0.9989838929655188
network_003,20260817,EGFP_TAGGED_CONTEXT_CONTROL,G4,CONTROL,EGFP,H1_ARCHT_TAGGED_CONTEXT,tagged_context,tagged_context_partial_cue,False,True,False,True,1,off,none,0.0,1.0,0.0,True,0.25,0.0,0,A,1.0,1.0,1.0,0.0,1.0,1.0,0.08,12.5,fixed_point,2,1,,A,True,2,A,A,B,carvone,mint,off_then_on,0.46211715726000974,0.7615941559557649,0.9640275800758169,0.999329299739067
network_003,20260817,EGFP_TAGGED_CONTEXT_CONTROL,G4,CONTROL,EGFP,H1_ARCHT_TAGGED_CONTEXT,tagged_context,tagged_context_partial_cue,False,True,False,True,1,on,none,0.0,1.0,0.0,True,0.25,0.0,0,A,1.0,1.0,1.0,0.0,1.0,1.0,0.08,12.5,fixed_point,2,1,,A,True,2,A,A,B,carvone,mint,off_then_on,0.46211715726000974,0.7615941559557649,0.9640275800758169,0.999329299739067
network_003,20260817,EGFP_UNTAGGED_CONTEXT_CONTROL,G4,CONTROL,EGFP,H2_CHR2_UNTAGGED_CONTEXT,untagged_context,untagged_context_partial_cue,False,True,False,True,1,off,none,0.0,0.0,1.0,True,0.25,0.0,0,B,-1.0,-1.0,0.0,1.0,1.0,0.1875,0.08,2.34375,fixed_point,2,1,,B,True,2,A,A,B,carvone,mint,off_then_on,-0.46211715726000974,-0.7615941559557649,-0.9640275800758169,-0.999329299739067
network_003,20260817,EGFP_UNTAGGED_CONTEXT_CONTROL,G4,CONTROL,EGFP,H2_CHR2_UNTAGGED_CONTEXT,untagged_context,untagged_context_partial_cue,False,True,False,True,1,on,none,0.0,0.0,1.0,True,0.25,0.0,0,B,-1.0,-1.0,0.0,1.0,1.0,0.1875,0.08,2.34375,fixed_point,2,1,,B,True,2,A,A,B,carvone,mint,off_then_on,-0.46211715726000974,-0.7615941559557649,-0.9640275800758169,-0.999329299739067
network_003,20260817,EGFP_C_TAGGED_LEADING_CONTROL,G4,CONTROL,EGFP,H3_ARCHT_C_TAGGED_LEADING,neutral_C,tone_present_tagged_high,False,True,False,True,1,off,none,0.0,0.325,0.175,True,0.25,0.0,0,A,1.0,1.0,1.0,0.0,1.0,1.0,0.08,12.5,fixed_point,4,1,,A,True,2,A,A,B,carvone,mint,off_then_on,0.46211715726000974,0.7615941559557649,0.9640275800758169,0.999329299739067
network_003,20260817,EGFP_C_TAGGED_LEADING_CONTROL,G4,CONTROL,EGFP,H3_ARCHT_C_TAGGED_LEADING,neutral_C,tone_present_tagged_high,False,True,False,True,1,on,none,0.0,0.325,0.175,True,0.25,0.0,0,A,1.0,1.0,1.0,0.0,1.0,1.0,0.08,12.5,fixed_point,4,1,,A,True,2,A,A,B,carvone,mint,off_then_on,0.46211715726000974,0.7615941559557649,0.9640275800758169,0.999329299739067
network_003,20260817,EGFP_C_TAGGED_TRAILING_CONTROL,G4,CONTROL,EGFP,H3_ARCHT_C_TAGGED_TRAILING,neutral_C,tone_present_untagged_high,False,True,False,True,1,off,none,0.0,0.175,0.325,True,0.25,0.0,0,B,-1.0,-1.0,0.0,1.0,1.0,0.1875,0.08,2.34375,fixed_point,3,1,,B,True,2,A,A,B,carvone,mint,off_then_on,-0.46211715726000974,-0.7615941559557649,-0.9640275800758169,-0.999329299739067
network_003,20260817,EGFP_C_TAGGED_TRAILING_CONTROL,G4,CONTROL,EGFP,H3_ARCHT_C_TAGGED_TRAILING,neutral_C,tone_present_untagged_high,False,True,False,True,1,on,none,0.0,0.175,0.325,True,0.25,0.0,0,B,-1.0,-1.0,0.0,1.0,1.0,0.1875,0.08,2.34375,fixed_point,3,1,,B,True,2,A,A,B,carvone,mint,off_then_on,-0.46211715726000974,-0.7615941559557649,-0.9640275800758169,-0.999329299739067
network_004,20260818,H1_ARCHT_TAGGED_CONTEXT,G1,H1,ArchT,,tagged_context,tagged_context_partial_cue,False,True,False,True,1,on,suppress,1.0,1.0,0.0,True,0.25,0.25,48,A,0.8181818181818182,1.0,0.8181818181818182,0.0,0.7631578947368421,0.6145833333333334,0.06458333333333334,9.516129032258064,fixed_point,2,1,,A,True,3,A,B,A,carvone,mint,on_then_off,0.3877005086612539,0.6740790585953567,0.9269625051147781,0.9971308600549863
network_004,20260818,H1_ARCHT_TAGGED_CONTEXT,G1,H1,ArchT,,tagged_context,tagged_context_partial_cue,False,True,False,True,1,off,none,0.0,1.0,0.0,True,0.25,0.0,0,A,1.0,1.0,1.0,0.0,1.0,1.0,0.08,12.5,fixed_point,2,1,,A,True,3,A,B,A,carvone,mint,on_then_off,0.46211715726000974,0.7615941559557649,0.9640275800758169,0.999329299739067
network_004,20260818,H2_CHR2_UNTAGGED_CONTEXT,G2,H2,ChR2,,untagged_context,untagged_context_partial_cue,False,True,False,True,1,on,activate,1.0,0.0,1.0,True,0.25,0.25,48,A,0.6103896103896105,0.6103896103896105,0.8051948051948052,0.19480519480519481,1.0,0.8854166666666667,0.08,11.067708333333334,cycle,2,2,2,A,True,3,A,B,A,carvone,mint,on_then_off,0.29605934470830425,0.5444012974765994,0.8398838805372157,0.9849671059236734
network_004,20260818,H2_CHR2_UNTAGGED_CONTEXT,G2,H2,ChR2,,untagged_context,untagged_context_partial_cue,False,True,False,True,1,off,none,0.0,0.0,1.0,True,0.25,0.0,0,B,-1.0,-1.0,0.0,1.0,1.0,0.23958333333333334,0.08,2.9947916666666665,fixed_point,2,1,,B,True,3,A,B,A,carvone,mint,on_then_off,-0.46211715726000974,-0.7615941559557649,-0.9640275800758169,-0.999329299739067
network_004,20260818,H3_ARCHT_C_TAGGED_LEADING,G3,H3,ArchT,,neutral_C,tone_present_tagged_high,False,True,False,True,1,on,suppress,1.0,0.325,0.175,True,0.25,0.25,48,A,0.461038961038961,0.43558282208588955,0.7597402597402597,0.2987012987012987,0.7631578947368421,0.5208333333333334,0.08,6.510416666666667,cycle,6,2,2,A,True,3,A,B,A,carvone,mint,on_then_off,0.22652123523612328,0.43093061478197514,0.7268789416553123,0.9511924845142171
network_004,20260818,H3_ARCHT_C_TAGGED_LEADING,G3,H3,ArchT,,neutral_C,tone_present_tagged_high,False,True,False,True,1,off,none,0.0,0.325,0.175,True,0.25,0.0,0,A,1.0,1.0,1.0,0.0,1.0,1.0,0.08,12.5,fixed_point,3,1,,A,True,3,A,B,A,carvone,mint,on_then_off,0.46211715726000974,0.7615941559557649,0.9640275800758169,0.999329299739067
network_004,20260818,H3_ARCHT_C_TAGGED_TRAILING,G3,H3,ArchT,,neutral_C,tone_present_untagged_high,False,True,False,True,1,on,suppress,1.0,0.175,0.325,True,0.25,0.25,48,B,-0.948051948051948,-0.9012345679012346,0.05194805194805195,1.0,0.7368421052631579,0.15625,0.07916666666666666,1.973684210526316,fixed_point,4,1,,B,True,3,A,B,A,carvone,mint,on_then_off,-0.44144648067770365,-0.7388998554879961,-0.9559026673679503,-0.9989838929655188
network_004,20260818,H3_ARCHT_C_TAGGED_TRAILING,G3,H3,ArchT,,neutral_C,tone_present_untagged_high,False,True,False,True,1,off,none,0.0,0.175,0.325,True,0.25,0.0,0,B,-1.0,-1.0,0.0,1.0,1.0,0.23958333333333334,0.08,2.9947916666666665,fixed_point,4,1,,B,True,3,A,B,A,carvone,mint,on_then_off,-0.46211715726000974,-0.7615941559557649,-0.9640275800758169,-0.999329299739067
network_004,20260818,EGFP_TAGGED_CONTEXT_CONTROL,G4,CONTROL,EGFP,H1_ARCHT_TAGGED_CONTEXT,tagged_context,tagged_context_partial_cue,False,True,False,True,1,on,none,0.0,1.0,0.0,True,0.25,0.0,0,A,1.0,1.0,1.0,0.0,1.0,1.0,0.08,12.5,fixed_point,2,1,,A,True,3,A,B,A,carvone,mint,on_then_off,0.46211715726000974,0.7615941559557649,0.9640275800758169,0.999329299739067
network_004,20260818,EGFP_TAGGED_CONTEXT_CONTROL,G4,CONTROL,EGFP,H1_ARCHT_TAGGED_CONTEXT,tagged_context,tagged_context_partial_cue,False,True,False,True,1,off,none,0.0,1.0,0.0,True,0.25,0.0,0,A,1.0,1.0,1.0,0.0,1.0,1.0,0.08,12.5,fixed_point,2,1,,A,True,3,A,B,A,carvone,mint,on_then_off,0.46211715726000974,0.7615941559557649,0.9640275800758169,0.999329299739067
network_004,20260818,EGFP_UNTAGGED_CONTEXT_CONTROL,G4,CONTROL,EGFP,H2_CHR2_UNTAGGED_CONTEXT,untagged_context,untagged_context_partial_cue,False,True,False,True,1,on,none,0.0,0.0,1.0,True,0.25,0.0,0,B,-1.0,-1.0,0.0,1.0,1.0,0.23958333333333334,0.08,2.9947916666666665,fixed_point,2,1,,B,True,3,A,B,A,carvone,mint,on_then_off,-0.46211715726000974,-0.7615941559557649,-0.9640275800758169,-0.999329299739067
network_004,20260818,EGFP_UNTAGGED_CONTEXT_CONTROL,G4,CONTROL,EGFP,H2_CHR2_UNTAGGED_CONTEXT,untagged_context,untagged_context_partial_cue,False,True,False,True,1,off,none,0.0,0.0,1.0,True,0.25,0.0,0,B,-1.0,-1.0,0.0,1.0,1.0,0.23958333333333334,0.08,2.9947916666666665,fixed_point,2,1,,B,True,3,A,B,A,carvone,mint,on_then_off,-0.46211715726000974,-0.7615941559557649,-0.9640275800758169,-0.999329299739067
network_004,20260818,EGFP_C_TAGGED_LEADING_CONTROL,G4,CONTROL,EGFP,H3_ARCHT_C_TAGGED_LEADING,neutral_C,tone_present_tagged_high,False,True,False,True,1,on,none,0.0,0.325,0.175,True,0.25,0.0,0,A,1.0,1.0,1.0,0.0,1.0,1.0,0.08,12.5,fixed_point,3,1,,A,True,3,A,B,A,carvone,mint,on_then_off,0.46211715726000974,0.7615941559557649,0.9640275800758169,0.999329299739067
network_004,20260818,EGFP_C_TAGGED_LEADING_CONTROL,G4,CONTROL,EGFP,H3_ARCHT_C_TAGGED_LEADING,neutral_C,tone_present_tagged_high,False,True,False,True,1,off,none,0.0,0.325,0.175,True,0.25,0.0,0,A,1.0,1.0,1.0,0.0,1.0,1.0,0.08,12.5,fixed_point,3,1,,A,True,3,A,B,A,carvone,mint,on_then_off,0.46211715726000974,0.7615941559557649,0.9640275800758169,0.999329299739067
network_004,20260818,EGFP_C_TAGGED_TRAILING_CONTROL,G4,CONTROL,EGFP,H3_ARCHT_C_TAGGED_TRAILING,neutral_C,tone_present_untagged_high,False,True,False,True,1,on,none,0.0,0.175,0.325,True,0.25,0.0,0,B,-1.0,-1.0,0.0,1.0,1.0,0.23958333333333334,0.08,2.9947916666666665,fixed_point,4,1,,B,True,3,A,B,A,carvone,mint,on_then_off,-0.46211715726000974,-0.7615941559557649,-0.9640275800758169,-0.999329299739067
network_004,20260818,EGFP_C_TAGGED_TRAILING_CONTROL,G4,CONTROL,EGFP,H3_ARCHT_C_TAGGED_TRAILING,neutral_C,tone_present_untagged_high,False,True,False,True,1,off,none,0.0,0.175,0.325,True,0.25,0.0,0,B,-1.0,-1.0,0.0,1.0,1.0,0.23958333333333334,0.08,2.9947916666666665,fixed_point,4,1,,B,True,3,A,B,A,carvone,mint,on_then_off,-0.46211715726000974,-0.7615941559557649,-0.9640275800758169,-0.999329299739067
network_005,20260819,H1_ARCHT_TAGGED_CONTEXT,G1,H1,ArchT,,tagged_context,tagged_context_partial_cue,False,True,False,True,1,off,none,0.0,1.0,0.0,True,0.25,0.0,0,A,1.0,1.0,1.0,0.0,1.0,1.0,0.08,12.5,fixed_point,2,1,,A,True,4,A,A,B,mint,carvone,off_then_on,0.46211715726000974,0.7615941559557649,0.9640275800758169,0.999329299739067
network_005,20260819,H1_ARCHT_TAGGED_CONTEXT,G1,H1,ArchT,,tagged_context,tagged_context_partial_cue,False,True,False,True,1,on,suppress,1.0,1.0,0.0,True,0.25,0.25,48,A,0.7922077922077922,1.0,0.7922077922077922,0.0,0.7631578947368421,0.5729166666666666,0.06291666666666666,9.105960264900663,fixed_point,2,1,,A,True,4,A,A,B,mint,carvone,off_then_on,0.3766103793667801,0.6596579273572187,0.9192886869455941,0.9964693808494924
network_005,20260819,H2_CHR2_UNTAGGED_CONTEXT,G2,H2,ChR2,,untagged_context,untagged_context_partial_cue,False,True,False,True,1,off,none,0.0,0.0,1.0,True,0.25,0.0,0,B,-1.0,-1.0,0.0,1.0,1.0,0.17708333333333334,0.08,2.2135416666666665,fixed_point,2,1,,B,True,4,A,A,B,mint,carvone,off_then_on,-0.46211715726000974,-0.7615941559557649,-0.9640275800758169,-0.999329299739067
network_005,20260819,H2_CHR2_UNTAGGED_CONTEXT,G2,H2,ChR2,,untagged_context,untagged_context_partial_cue,False,True,False,True,1,on,activate,1.0,0.0,1.0,True,0.25,0.25,48,A,0.6103896103896105,0.6103896103896105,0.8051948051948052,0.19480519480519481,1.0,0.90625,0.08,11.328125,cycle,2,2,2,A,True,4,A,A,B,mint,carvone,off_then_on,0.29605934470830425,0.5444012974765994,0.8398838805372157,0.9849671059236734
network_005,20260819,H3_ARCHT_C_TAGGED_LEADING,G3,H3,ArchT,,neutral_C,tone_present_tagged_high,False,True,False,True,1,off,none,0.0,0.325,0.175,True,0.25,0.0,0,A,1.0,1.0,1.0,0.0,1.0,1.0,0.08,12.5,fixed_point,3,1,,A,True,4,A,A,B,mint,carvone,off_then_on,0.46211715726000974,0.7615941559557649,0.9640275800758169,0.999329299739067
network_005,20260819,H3_ARCHT_C_TAGGED_LEADING,G3,H3,ArchT,,neutral_C,tone_present_tagged_high,False,True,False,True,1,on,suppress,1.0,0.325,0.175,True,0.25,0.25,48,A,0.4610389610389611,0.44099378881987583,0.7532467532467533,0.2922077922077922,0.8157894736842105,0.53125,0.08,6.640625,cycle,6,2,2,A,True,4,A,A,B,mint,carvone,off_then_on,0.2265212352361233,0.4309306147819752,0.7268789416553123,0.9511924845142171
network_005,20260819,H3_ARCHT_C_TAGGED_TRAILING,G3,H3,ArchT,,neutral_C,tone_present_untagged_high,False,True,False,True,1,off,none,0.0,0.175,0.325,True,0.25,0.0,0,B,-1.0,-1.0,0.0,1.0,1.0,0.17708333333333334,0.08,2.2135416666666665,fixed_point,3,1,,B,True,4,A,A,B,mint,carvone,off_then_on,-0.46211715726000974,-0.7615941559557649,-0.9640275800758169,-0.999329299739067
network_005,20260819,H3_ARCHT_C_TAGGED_TRAILING,G3,H3,ArchT,,neutral_C,tone_present_untagged_high,False,True,False,True,1,on,suppress,1.0,0.175,0.325,True,0.25,0.25,48,B,-0.948051948051948,-0.9012345679012346,0.05194805194805195,1.0,0.7894736842105263,0.10416666666666667,0.08,1.3020833333333333,fixed_point,4,1,,B,True,4,A,A,B,mint,carvone,off_then_on,-0.44144648067770365,-0.7388998554879961,-0.9559026673679503,-0.9989838929655188
network_005,20260819,EGFP_TAGGED_CONTEXT_CONTROL,G4,CONTROL,EGFP,H1_ARCHT_TAGGED_CONTEXT,tagged_context,tagged_context_partial_cue,False,True,False,True,1,off,none,0.0,1.0,0.0,True,0.25,0.0,0,A,1.0,1.0,1.0,0.0,1.0,1.0,0.08,12.5,fixed_point,2,1,,A,True,4,A,A,B,mint,carvone,off_then_on,0.46211715726000974,0.7615941559557649,0.9640275800758169,0.999329299739067
network_005,20260819,EGFP_TAGGED_CONTEXT_CONTROL,G4,CONTROL,EGFP,H1_ARCHT_TAGGED_CONTEXT,tagged_context,tagged_context_partial_cue,False,True,False,True,1,on,none,0.0,1.0,0.0,True,0.25,0.0,0,A,1.0,1.0,1.0,0.0,1.0,1.0,0.08,12.5,fixed_point,2,1,,A,True,4,A,A,B,mint,carvone,off_then_on,0.46211715726000974,0.7615941559557649,0.9640275800758169,0.999329299739067
network_005,20260819,EGFP_UNTAGGED_CONTEXT_CONTROL,G4,CONTROL,EGFP,H2_CHR2_UNTAGGED_CONTEXT,untagged_context,untagged_context_partial_cue,False,True,False,True,1,off,none,0.0,0.0,1.0,True,0.25,0.0,0,B,-1.0,-1.0,0.0,1.0,1.0,0.17708333333333334,0.08,2.2135416666666665,fixed_point,2,1,,B,True,4,A,A,B,mint,carvone,off_then_on,-0.46211715726000974,-0.7615941559557649,-0.9640275800758169,-0.999329299739067
network_005,20260819,EGFP_UNTAGGED_CONTEXT_CONTROL,G4,CONTROL,EGFP,H2_CHR2_UNTAGGED_CONTEXT,untagged_context,untagged_context_partial_cue,False,True,False,True,1,on,none,0.0,0.0,1.0,True,0.25,0.0,0,B,-1.0,-1.0,0.0,1.0,1.0,0.17708333333333334,0.08,2.2135416666666665,fixed_point,2,1,,B,True,4,A,A,B,mint,carvone,off_then_on,-0.46211715726000974,-0.7615941559557649,-0.9640275800758169,-0.999329299739067
network_005,20260819,EGFP_C_TAGGED_LEADING_CONTROL,G4,CONTROL,EGFP,H3_ARCHT_C_TAGGED_LEADING,neutral_C,tone_present_tagged_high,False,True,False,True,1,off,none,0.0,0.325,0.175,True,0.25,0.0,0,A,1.0,1.0,1.0,0.0,1.0,1.0,0.08,12.5,fixed_point,3,1,,A,True,4,A,A,B,mint,carvone,off_then_on,0.46211715726000974,0.7615941559557649,0.9640275800758169,0.999329299739067
network_005,20260819,EGFP_C_TAGGED_LEADING_CONTROL,G4,CONTROL,EGFP,H3_ARCHT_C_TAGGED_LEADING,neutral_C,tone_present_tagged_high,False,True,False,True,1,on,none,0.0,0.325,0.175,True,0.25,0.0,0,A,1.0,1.0,1.0,0.0,1.0,1.0,0.08,12.5,fixed_point,3,1,,A,True,4,A,A,B,mint,carvone,off_then_on,0.46211715726000974,0.7615941559557649,0.9640275800758169,0.999329299739067
network_005,20260819,EGFP_C_TAGGED_TRAILING_CONTROL,G4,CONTROL,EGFP,H3_ARCHT_C_TAGGED_TRAILING,neutral_C,tone_present_untagged_high,False,True,False,True,1,off,none,0.0,0.175,0.325,True,0.25,0.0,0,B,-1.0,-1.0,0.0,1.0,1.0,0.17708333333333334,0.08,2.2135416666666665,fixed_point,3,1,,B,True,4,A,A,B,mint,carvone,off_then_on,-0.46211715726000974,-0.7615941559557649,-0.9640275800758169,-0.999329299739067
network_005,20260819,EGFP_C_TAGGED_TRAILING_CONTROL,G4,CONTROL,EGFP,H3_ARCHT_C_TAGGED_TRAILING,neutral_C,tone_present_untagged_high,False,True,False,True,1,on,none,0.0,0.175,0.325,True,0.25,0.0,0,B,-1.0,-1.0,0.0,1.0,1.0,0.17708333333333334,0.08,2.2135416666666665,fixed_point,3,1,,B,True,4,A,A,B,mint,carvone,off_then_on,-0.46211715726000974,-0.7615941559557649,-0.9640275800758169,-0.999329299739067
network_006,20260820,H1_ARCHT_TAGGED_CONTEXT,G1,H1,ArchT,,tagged_context,tagged_context_partial_cue,False,True,False,True,1,on,suppress,1.0,1.0,0.0,True,0.25,0.25,48,A,0.7987012987012987,1.0,0.7987012987012987,0.0,0.7894736842105263,0.59375,0.06375,9.313725490196079,fixed_point,2,1,,A,True,5,A,B,A,mint,carvone,on_then_off,0.37939321561811595,0.6633100983327314,0.9212766376432162,0.9966478076402583
network_006,20260820,H1_ARCHT_TAGGED_CONTEXT,G1,H1,ArchT,,tagged_context,tagged_context_partial_cue,False,True,False,True,1,off,none,0.0,1.0,0.0,True,0.25,0.0,0,A,1.0,1.0,1.0,0.0,1.0,1.0,0.08,12.5,fixed_point,2,1,,A,True,5,A,B,A,mint,carvone,on_then_off,0.46211715726000974,0.7615941559557649,0.9640275800758169,0.999329299739067
network_006,20260820,H2_CHR2_UNTAGGED_CONTEXT,G2,H2,ChR2,,untagged_context,untagged_context_partial_cue,False,True,False,True,1,on,activate,1.0,0.0,1.0,True,0.25,0.25,48,A,0.6103896103896105,0.6103896103896105,0.8051948051948052,0.19480519480519481,1.0,0.8697916666666667,0.08,10.872395833333334,cycle,2,2,2,A,True,5,A,B,A,mint,carvone,on_then_off,0.29605934470830425,0.5444012974765994,0.8398838805372157,0.9849671059236734
network_006,20260820,H2_CHR2_UNTAGGED_CONTEXT,G2,H2,ChR2,,untagged_context,untagged_context_partial_cue,False,True,False,True,1,off,none,0.0,0.0,1.0,True,0.25,0.0,0,B,-1.0,-1.0,0.0,1.0,1.0,0.15625,0.08,1.953125,fixed_point,2,1,,B,True,5,A,B,A,mint,carvone,on_then_off,-0.46211715726000974,-0.7615941559557649,-0.9640275800758169,-0.999329299739067
network_006,20260820,H3_ARCHT_C_TAGGED_LEADING,G3,H3,ArchT,,neutral_C,tone_present_tagged_high,False,True,False,True,1,on,suppress,1.0,0.325,0.175,True,0.25,0.25,48,A,0.44805194805194803,0.42857142857142855,0.7467532467532467,0.2987012987012987,0.8157894736842105,0.5208333333333334,0.08,6.510416666666667,cycle,6,2,2,A,True,5,A,B,A,mint,carvone,on_then_off,0.22035193488484542,0.42029638902097755,0.714395490089877,0.9459930833731142
network_006,20260820,H3_ARCHT_C_TAGGED_LEADING,G3,H3,ArchT,,neutral_C,tone_present_tagged_high,False,True,False,True,1,off,none,0.0,0.325,0.175,True,0.25,0.0,0,A,1.0,1.0,1.0,0.0,1.0,1.0,0.08,12.5,fixed_point,3,1,,A,True,5,A,B,A,mint,carvone,on_then_off,0.46211715726000974,0.7615941559557649,0.9640275800758169,0.999329299739067
network_006,20260820,H3_ARCHT_C_TAGGED_TRAILING,G3,H3,ArchT,,neutral_C,tone_present_untagged_high,False,True,False,True,1,on,suppress,1.0,0.175,0.325,True,0.25,0.25,48,B,-0.948051948051948,-0.9012345679012346,0.05194805194805195,1.0,0.7894736842105263,0.10416666666666667,0.08,1.3020833333333333,fixed_point,3,1,,B,True,5,A,B,A,mint,carvone,on_then_off,-0.44144648067770365,-0.7388998554879961,-0.9559026673679503,-0.9989838929655188
network_006,20260820,H3_ARCHT_C_TAGGED_TRAILING,G3,H3,ArchT,,neutral_C,tone_present_untagged_high,False,True,False,True,1,off,none,0.0,0.175,0.325,True,0.25,0.0,0,B,-1.0,-1.0,0.0,1.0,1.0,0.15625,0.08,1.953125,fixed_point,4,1,,B,True,5,A,B,A,mint,carvone,on_then_off,-0.46211715726000974,-0.7615941559557649,-0.9640275800758169,-0.999329299739067
network_006,20260820,EGFP_TAGGED_CONTEXT_CONTROL,G4,CONTROL,EGFP,H1_ARCHT_TAGGED_CONTEXT,tagged_context,tagged_context_partial_cue,False,True,False,True,1,on,none,0.0,1.0,0.0,True,0.25,0.0,0,A,1.0,1.0,1.0,0.0,1.0,1.0,0.08,12.5,fixed_point,2,1,,A,True,5,A,B,A,mint,carvone,on_then_off,0.46211715726000974,0.7615941559557649,0.9640275800758169,0.999329299739067
network_006,20260820,EGFP_TAGGED_CONTEXT_CONTROL,G4,CONTROL,EGFP,H1_ARCHT_TAGGED_CONTEXT,tagged_context,tagged_context_partial_cue,False,True,False,True,1,off,none,0.0,1.0,0.0,True,0.25,0.0,0,A,1.0,1.0,1.0,0.0,1.0,1.0,0.08,12.5,fixed_point,2,1,,A,True,5,A,B,A,mint,carvone,on_then_off,0.46211715726000974,0.7615941559557649,0.9640275800758169,0.999329299739067
network_006,20260820,EGFP_UNTAGGED_CONTEXT_CONTROL,G4,CONTROL,EGFP,H2_CHR2_UNTAGGED_CONTEXT,untagged_context,untagged_context_partial_cue,False,True,False,True,1,on,none,0.0,0.0,1.0,True,0.25,0.0,0,B,-1.0,-1.0,0.0,1.0,1.0,0.15625,0.08,1.953125,fixed_point,2,1,,B,True,5,A,B,A,mint,carvone,on_then_off,-0.46211715726000974,-0.7615941559557649,-0.9640275800758169,-0.999329299739067
network_006,20260820,EGFP_UNTAGGED_CONTEXT_CONTROL,G4,CONTROL,EGFP,H2_CHR2_UNTAGGED_CONTEXT,untagged_context,untagged_context_partial_cue,False,True,False,True,1,off,none,0.0,0.0,1.0,True,0.25,0.0,0,B,-1.0,-1.0,0.0,1.0,1.0,0.15625,0.08,1.953125,fixed_point,2,1,,B,True,5,A,B,A,mint,carvone,on_then_off,-0.46211715726000974,-0.7615941559557649,-0.9640275800758169,-0.999329299739067
network_006,20260820,EGFP_C_TAGGED_LEADING_CONTROL,G4,CONTROL,EGFP,H3_ARCHT_C_TAGGED_LEADING,neutral_C,tone_present_tagged_high,False,True,False,True,1,on,none,0.0,0.325,0.175,True,0.25,0.0,0,A,1.0,1.0,1.0,0.0,1.0,1.0,0.08,12.5,fixed_point,3,1,,A,True,5,A,B,A,mint,carvone,on_then_off,0.46211715726000974,0.7615941559557649,0.9640275800758169,0.999329299739067
network_006,20260820,EGFP_C_TAGGED_LEADING_CONTROL,G4,CONTROL,EGFP,H3_ARCHT_C_TAGGED_LEADING,neutral_C,tone_present_tagged_high,False,True,False,True,1,off,none,0.0,0.325,0.175,True,0.25,0.0,0,A,1.0,1.0,1.0,0.0,1.0,1.0,0.08,12.5,fixed_point,3,1,,A,True,5,A,B,A,mint,carvone,on_then_off,0.46211715726000974,0.7615941559557649,0.9640275800758169,0.999329299739067
network_006,20260820,EGFP_C_TAGGED_TRAILING_CONTROL,G4,CONTROL,EGFP,H3_ARCHT_C_TAGGED_TRAILING,neutral_C,tone_present_untagged_high,False,True,False,True,1,on,none,0.0,0.175,0.325,True,0.25,0.0,0,B,-1.0,-1.0,0.0,1.0,1.0,0.15625,0.08,1.953125,fixed_point,4,1,,B,True,5,A,B,A,mint,carvone,on_then_off,-0.46211715726000974,-0.7615941559557649,-0.9640275800758169,-0.999329299739067
network_006,20260820,EGFP_C_TAGGED_TRAILING_CONTROL,G4,CONTROL,EGFP,H3_ARCHT_C_TAGGED_TRAILING,neutral_C,tone_present_untagged_high,False,True,False,True,1,off,none,0.0,0.175,0.325,True,0.25,0.0,0,B,-1.0,-1.0,0.0,1.0,1.0,0.15625,0.08,1.953125,fixed_point,4,1,,B,True,5,A,B,A,mint,carvone,on_then_off,-0.46211715726000974,-0.7615941559557649,-0.9640275800758169,-0.999329299739067
network_007,20260821,H1_ARCHT_TAGGED_CONTEXT,G1,H1,ArchT,,tagged_context,tagged_context_partial_cue,False,True,False,True,1,off,none,0.0,1.0,0.0,True,0.25,0.0,0,A,1.0,1.0,1.0,0.0,1.0,1.0,0.08,12.5,fixed_point,2,1,,A,True,6,A,A,B,carvone,mint,off_then_on,0.46211715726000974,0.7615941559557649,0.9640275800758169,0.999329299739067
network_007,20260821,H1_ARCHT_TAGGED_CONTEXT,G1,H1,ArchT,,tagged_context,tagged_context_partial_cue,False,True,False,True,1,on,suppress,1.0,1.0,0.0,True,0.25,0.25,48,A,0.7792207792207793,1.0,0.7792207792207793,0.0,0.7894736842105263,0.5625,0.0625,9.0,fixed_point,2,1,,A,True,6,A,A,B,carvone,mint,off_then_on,0.3710242994526192,0.6522592260298474,0.9151676198871733,0.9960835873298368
network_007,20260821,H2_CHR2_UNTAGGED_CONTEXT,G2,H2,ChR2,,untagged_context,untagged_context_partial_cue,False,True,False,True,1,off,none,0.0,0.0,1.0,True,0.25,0.0,0,B,-1.0,-1.0,0.0,1.0,1.0,0.21875,0.08,2.734375,fixed_point,2,1,,B,True,6,A,A,B,carvone,mint,off_then_on,-0.46211715726000974,-0.7615941559557649,-0.9640275800758169,-0.999329299739067
network_007,20260821,H2_CHR2_UNTAGGED_CONTEXT,G2,H2,ChR2,,untagged_context,untagged_context_partial_cue,False,True,False,True,1,on,activate,1.0,0.0,1.0,True,0.25,0.25,48,A,0.6103896103896105,0.6103896103896105,0.8051948051948052,0.19480519480519481,1.0,0.9114583333333333,0.08,11.393229166666666,cycle,2,2,2,A,True,6,A,A,B,carvone,mint,off_then_on,0.29605934470830425,0.5444012974765994,0.8398838805372157,0.9849671059236734
network_007,20260821,H3_ARCHT_C_TAGGED_LEADING,G3,H3,ArchT,,neutral_C,tone_present_tagged_high,False,True,False,True,1,off,none,0.0,0.325,0.175,True,0.25,0.0,0,A,1.0,1.0,1.0,0.0,1.0,1.0,0.08,12.5,fixed_point,4,1,,A,True,6,A,A,B,carvone,mint,off_then_on,0.46211715726000974,0.7615941559557649,0.9640275800758169,0.999329299739067
network_007,20260821,H3_ARCHT_C_TAGGED_LEADING,G3,H3,ArchT,,neutral_C,tone_present_tagged_high,False,True,False,True,1,on,suppress,1.0,0.325,0.175,True,0.25,0.25,48,A,0.4545454545454546,0.4320987654320988,0.7532467532467533,0.2987012987012987,0.7894736842105263,0.5208333333333334,0.08,6.510416666666667,cycle,6,2,2,A,True,6,A,A,B,carvone,mint,off_then_on,0.22343882281432279,0.4256281972349948,0.7206956331664798,0.948656827300346
network_007,20260821,H3_ARCHT_C_TAGGED_TRAILING,G3,H3,ArchT,,neutral_C,tone_present_untagged_high,False,True,False,True,1,off,none,0.0,0.175,0.325,True,0.25,0.0,0,B,-1.0,-1.0,0.0,1.0,1.0,0.21875,0.08,2.734375,fixed_point,3,1,,B,True,6,A,A,B,carvone,mint,off_then_on,-0.46211715726000974,-0.7615941559557649,-0.9640275800758169,-0.999329299739067
network_007,20260821,H3_ARCHT_C_TAGGED_TRAILING,G3,H3,ArchT,,neutral_C,tone_present_untagged_high,False,True,False,True,1,on,suppress,1.0,0.175,0.325,True,0.25,0.25,48,B,-0.948051948051948,-0.9012345679012346,0.05194805194805195,1.0,0.7894736842105263,0.16666666666666666,0.08,2.083333333333333,fixed_point,4,1,,B,True,6,A,A,B,carvone,mint,off_then_on,-0.44144648067770365,-0.7388998554879961,-0.9559026673679503,-0.9989838929655188
network_007,20260821,EGFP_TAGGED_CONTEXT_CONTROL,G4,CONTROL,EGFP,H1_ARCHT_TAGGED_CONTEXT,tagged_context,tagged_context_partial_cue,False,True,False,True,1,off,none,0.0,1.0,0.0,True,0.25,0.0,0,A,1.0,1.0,1.0,0.0,1.0,1.0,0.08,12.5,fixed_point,2,1,,A,True,6,A,A,B,carvone,mint,off_then_on,0.46211715726000974,0.7615941559557649,0.9640275800758169,0.999329299739067
network_007,20260821,EGFP_TAGGED_CONTEXT_CONTROL,G4,CONTROL,EGFP,H1_ARCHT_TAGGED_CONTEXT,tagged_context,tagged_context_partial_cue,False,True,False,True,1,on,none,0.0,1.0,0.0,True,0.25,0.0,0,A,1.0,1.0,1.0,0.0,1.0,1.0,0.08,12.5,fixed_point,2,1,,A,True,6,A,A,B,carvone,mint,off_then_on,0.46211715726000974,0.7615941559557649,0.9640275800758169,0.999329299739067
network_007,20260821,EGFP_UNTAGGED_CONTEXT_CONTROL,G4,CONTROL,EGFP,H2_CHR2_UNTAGGED_CONTEXT,untagged_context,untagged_context_partial_cue,False,True,False,True,1,off,none,0.0,0.0,1.0,True,0.25,0.0,0,B,-1.0,-1.0,0.0,1.0,1.0,0.21875,0.08,2.734375,fixed_point,2,1,,B,True,6,A,A,B,carvone,mint,off_then_on,-0.46211715726000974,-0.7615941559557649,-0.9640275800758169,-0.999329299739067
network_007,20260821,EGFP_UNTAGGED_CONTEXT_CONTROL,G4,CONTROL,EGFP,H2_CHR2_UNTAGGED_CONTEXT,untagged_context,untagged_context_partial_cue,False,True,False,True,1,on,none,0.0,0.0,1.0,True,0.25,0.0,0,B,-1.0,-1.0,0.0,1.0,1.0,0.21875,0.08,2.734375,fixed_point,2,1,,B,True,6,A,A,B,carvone,mint,off_then_on,-0.46211715726000974,-0.7615941559557649,-0.9640275800758169,-0.999329299739067
network_007,20260821,EGFP_C_TAGGED_LEADING_CONTROL,G4,CONTROL,EGFP,H3_ARCHT_C_TAGGED_LEADING,neutral_C,tone_present_tagged_high,False,True,False,True,1,off,none,0.0,0.325,0.175,True,0.25,0.0,0,A,1.0,1.0,1.0,0.0,1.0,1.0,0.08,12.5,fixed_point,4,1,,A,True,6,A,A,B,carvone,mint,off_then_on,0.46211715726000974,0.7615941559557649,0.9640275800758169,0.999329299739067
network_007,20260821,EGFP_C_TAGGED_LEADING_CONTROL,G4,CONTROL,EGFP,H3_ARCHT_C_TAGGED_LEADING,neutral_C,tone_present_tagged_high,False,True,False,True,1,on,none,0.0,0.325,0.175,True,0.25,0.0,0,A,1.0,1.0,1.0,0.0,1.0,1.0,0.08,12.5,fixed_point,4,1,,A,True,6,A,A,B,carvone,mint,off_then_on,0.46211715726000974,0.7615941559557649,0.9640275800758169,0.999329299739067
network_007,20260821,EGFP_C_TAGGED_TRAILING_CONTROL,G4,CONTROL,EGFP,H3_ARCHT_C_TAGGED_TRAILING,neutral_C,tone_present_untagged_high,False,True,False,True,1,off,none,0.0,0.175,0.325,True,0.25,0.0,0,B,-1.0,-1.0,0.0,1.0,1.0,0.21875,0.08,2.734375,fixed_point,3,1,,B,True,6,A,A,B,carvone,mint,off_then_on,-0.46211715726000974,-0.7615941559557649,-0.9640275800758169,-0.999329299739067
network_007,20260821,EGFP_C_TAGGED_TRAILING_CONTROL,G4,CONTROL,EGFP,H3_ARCHT_C_TAGGED_TRAILING,neutral_C,tone_present_untagged_high,False,True,False,True,1,on,none,0.0,0.175,0.325,True,0.25,0.0,0,B,-1.0,-1.0,0.0,1.0,1.0,0.21875,0.08,2.734375,fixed_point,3,1,,B,True,6,A,A,B,carvone,mint,off_then_on,-0.46211715726000974,-0.7615941559557649,-0.9640275800758169,-0.999329299739067
network_008,20260822,H1_ARCHT_TAGGED_CONTEXT,G1,H1,ArchT,,tagged_context,tagged_context_partial_cue,False,True,False,True,1,on,suppress,1.0,1.0,0.0,True,0.25,0.25,48,A,0.7857142857142857,1.0,0.7857142857142857,0.0,0.8421052631578947,0.59375,0.06375,9.313725490196079,fixed_point,2,1,,A,True,7,A,B,A,carvone,mint,on_then_off,0.3738207293206251,0.6559743341284774,0.9172526978798492,0.9962814746419252
network_008,20260822,H1_ARCHT_TAGGED_CONTEXT,G1,H1,ArchT,,tagged_context,tagged_context_partial_cue,False,True,False,True,1,off,none,0.0,1.0,0.0,True,0.25,0.0,0,A,1.0,1.0,1.0,0.0,1.0,1.0,0.08,12.5,fixed_point,2,1,,A,True,7,A,B,A,carvone,mint,on_then_off,0.46211715726000974,0.7615941559557649,0.9640275800758169,0.999329299739067
network_008,20260822,H2_CHR2_UNTAGGED_CONTEXT,G2,H2,ChR2,,untagged_context,untagged_context_partial_cue,False,True,False,True,1,on,activate,1.0,0.0,1.0,True,0.25,0.25,48,A,0.6103896103896105,0.6103896103896105,0.8051948051948052,0.19480519480519481,1.0,0.890625,0.08,11.1328125,cycle,2,2,2,A,True,7,A,B,A,carvone,mint,on_then_off,0.29605934470830425,0.5444012974765994,0.8398838805372157,0.9849671059236734
network_008,20260822,H2_CHR2_UNTAGGED_CONTEXT,G2,H2,ChR2,,untagged_context,untagged_context_partial_cue,False,True,False,True,1,off,none,0.0,0.0,1.0,True,0.25,0.0,0,B,-1.0,-1.0,0.0,1.0,1.0,0.1875,0.08,2.34375,fixed_point,2,1,,B,True,7,A,B,A,carvone,mint,on_then_off,-0.46211715726000974,-0.7615941559557649,-0.9640275800758169,-0.999329299739067
network_008,20260822,H3_ARCHT_C_TAGGED_LEADING,G3,H3,ArchT,,neutral_C,tone_present_tagged_high,False,True,False,True,1,on,suppress,1.0,0.325,0.175,True,0.25,0.25,48,A,0.42857142857142855,0.41250000000000003,0.7337662337662337,0.3051948051948052,0.8421052631578947,0.5104166666666666,0.08,6.380208333333333,cycle,6,2,2,A,True,7,A,B,A,carvone,mint,on_then_off,0.21106497444117137,0.4041267397578591,0.694782670314738,0.9371712579368597
network_008,20260822,H3_ARCHT_C_TAGGED_LEADING,G3,H3,ArchT,,neutral_C,tone_present_tagged_high,False,True,False,True,1,off,none,0.0,0.325,0.175,True,0.25,0.0,0,A,1.0,1.0,1.0,0.0,1.0,1.0,0.08,12.5,fixed_point,3,1,,A,True,7,A,B,A,carvone,mint,on_then_off,0.46211715726000974,0.7615941559557649,0.9640275800758169,0.999329299739067
network_008,20260822,H3_ARCHT_C_TAGGED_TRAILING,G3,H3,ArchT,,neutral_C,tone_present_untagged_high,False,True,False,True,1,on,suppress,1.0,0.175,0.325,True,0.25,0.25,48,B,-0.9675324675324676,-0.9371069182389937,0.032467532467532464,1.0,0.8421052631578947,0.13541666666666666,0.07958333333333334,1.701570680628272,fixed_point,3,1,,B,True,7,A,B,A,carvone,mint,on_then_off,-0.4492547862381563,-0.7476179450766349,-0.9591408236748908,-0.9991304610451335
network_008,20260822,H3_ARCHT_C_TAGGED_TRAILING,G3,H3,ArchT,,neutral_C,tone_present_untagged_high,False,True,False,True,1,off,none,0.0,0.175,0.325,True,0.25,0.0,0,B,-1.0,-1.0,0.0,1.0,1.0,0.1875,0.08,2.34375,fixed_point,3,1,,B,True,7,A,B,A,carvone,mint,on_then_off,-0.46211715726000974,-0.7615941559557649,-0.9640275800758169,-0.999329299739067
network_008,20260822,EGFP_TAGGED_CONTEXT_CONTROL,G4,CONTROL,EGFP,H1_ARCHT_TAGGED_CONTEXT,tagged_context,tagged_context_partial_cue,False,True,False,True,1,on,none,0.0,1.0,0.0,True,0.25,0.0,0,A,1.0,1.0,1.0,0.0,1.0,1.0,0.08,12.5,fixed_point,2,1,,A,True,7,A,B,A,carvone,mint,on_then_off,0.46211715726000974,0.7615941559557649,0.9640275800758169,0.999329299739067
network_008,20260822,EGFP_TAGGED_CONTEXT_CONTROL,G4,CONTROL,EGFP,H1_ARCHT_TAGGED_CONTEXT,tagged_context,tagged_context_partial_cue,False,True,False,True,1,off,none,0.0,1.0,0.0,True,0.25,0.0,0,A,1.0,1.0,1.0,0.0,1.0,1.0,0.08,12.5,fixed_point,2,1,,A,True,7,A,B,A,carvone,mint,on_then_off,0.46211715726000974,0.7615941559557649,0.9640275800758169,0.999329299739067
network_008,20260822,EGFP_UNTAGGED_CONTEXT_CONTROL,G4,CONTROL,EGFP,H2_CHR2_UNTAGGED_CONTEXT,untagged_context,untagged_context_partial_cue,False,True,False,True,1,on,none,0.0,0.0,1.0,True,0.25,0.0,0,B,-1.0,-1.0,0.0,1.0,1.0,0.1875,0.08,2.34375,fixed_point,2,1,,B,True,7,A,B,A,carvone,mint,on_then_off,-0.46211715726000974,-0.7615941559557649,-0.9640275800758169,-0.999329299739067
network_008,20260822,EGFP_UNTAGGED_CONTEXT_CONTROL,G4,CONTROL,EGFP,H2_CHR2_UNTAGGED_CONTEXT,untagged_context,untagged_context_partial_cue,False,True,False,True,1,off,none,0.0,0.0,1.0,True,0.25,0.0,0,B,-1.0,-1.0,0.0,1.0,1.0,0.1875,0.08,2.34375,fixed_point,2,1,,B,True,7,A,B,A,carvone,mint,on_then_off,-0.46211715726000974,-0.7615941559557649,-0.9640275800758169,-0.999329299739067
network_008,20260822,EGFP_C_TAGGED_LEADING_CONTROL,G4,CONTROL,EGFP,H3_ARCHT_C_TAGGED_LEADING,neutral_C,tone_present_tagged_high,False,True,False,True,1,on,none,0.0,0.325,0.175,True,0.25,0.0,0,A,1.0,1.0,1.0,0.0,1.0,1.0,0.08,12.5,fixed_point,3,1,,A,True,7,A,B,A,carvone,mint,on_then_off,0.46211715726000974,0.7615941559557649,0.9640275800758169,0.999329299739067
network_008,20260822,EGFP_C_TAGGED_LEADING_CONTROL,G4,CONTROL,EGFP,H3_ARCHT_C_TAGGED_LEADING,neutral_C,tone_present_tagged_high,False,True,False,True,1,off,none,0.0,0.325,0.175,True,0.25,0.0,0,A,1.0,1.0,1.0,0.0,1.0,1.0,0.08,12.5,fixed_point,3,1,,A,True,7,A,B,A,carvone,mint,on_then_off,0.46211715726000974,0.7615941559557649,0.9640275800758169,0.999329299739067
network_008,20260822,EGFP_C_TAGGED_TRAILING_CONTROL,G4,CONTROL,EGFP,H3_ARCHT_C_TAGGED_TRAILING,neutral_C,tone_present_untagged_high,False,True,False,True,1,on,none,0.0,0.175,0.325,True,0.25,0.0,0,B,-1.0,-1.0,0.0,1.0,1.0,0.1875,0.08,2.34375,fixed_point,3,1,,B,True,7,A,B,A,carvone,mint,on_then_off,-0.46211715726000974,-0.7615941559557649,-0.9640275800758169,-0.999329299739067
network_008,20260822,EGFP_C_TAGGED_TRAILING_CONTROL,G4,CONTROL,EGFP,H3_ARCHT_C_TAGGED_TRAILING,neutral_C,tone_present_untagged_high,False,True,False,True,1,off,none,0.0,0.175,0.325,True,0.25,0.0,0,B,-1.0,-1.0,0.0,1.0,1.0,0.1875,0.08,2.34375,fixed_point,3,1,,B,True,7,A,B,A,carvone,mint,on_then_off,-0.46211715726000974,-0.7615941559557649,-0.9640275800758169,-0.999329299739067
network_009,20260823,H1_ARCHT_TAGGED_CONTEXT,G1,H1,ArchT,,tagged_context,tagged_context_partial_cue,False,True,False,True,1,off,none,0.0,1.0,0.0,True,0.25,0.0,0,A,1.0,1.0,1.0,0.0,1.0,1.0,0.08,12.5,fixed_point,2,1,,A,True,0,A,A,B,mint,carvone,off_then_on,0.46211715726000974,0.7615941559557649,0.9640275800758169,0.999329299739067
network_009,20260823,H1_ARCHT_TAGGED_CONTEXT,G1,H1,ArchT,,tagged_context,tagged_context_partial_cue,False,True,False,True,1,on,suppress,1.0,1.0,0.0,True,0.25,0.25,48,A,0.8051948051948052,1.0,0.8051948051948052,0.0,0.7105263157894737,0.5729166666666666,0.06291666666666666,9.105960264900663,fixed_point,2,1,,A,True,0,A,A,B,mint,carvone,off_then_on,0.3821692045540222,0.6669309433527231,0.9232175831871263,0.996817231656945
network_009,20260823,H2_CHR2_UNTAGGED_CONTEXT,G2,H2,ChR2,,untagged_context,untagged_context_partial_cue,False,True,False,True,1,off,none,0.0,0.0,1.0,True,0.25,0.0,0,B,-1.0,-1.0,0.0,1.0,1.0,0.21875,0.08,2.734375,fixed_point,2,1,,B,True,0,A,A,B,mint,carvone,off_then_on,-0.46211715726000974,-0.7615941559557649,-0.9640275800758169,-0.999329299739067
network_009,20260823,H2_CHR2_UNTAGGED_CONTEXT,G2,H2,ChR2,,untagged_context,untagged_context_partial_cue,False,True,False,True,1,on,activate,1.0,0.0,1.0,True,0.25,0.25,48,A,0.6103896103896105,0.6103896103896105,0.8051948051948052,0.19480519480519481,1.0,0.890625,0.08,11.1328125,cycle,2,2,2,A,True,0,A,A,B,mint,carvone,off_then_on,0.29605934470830425,0.5444012974765994,0.8398838805372157,0.9849671059236734
network_009,20260823,H3_ARCHT_C_TAGGED_LEADING,G3,H3,ArchT,,neutral_C,tone_present_tagged_high,False,True,False,True,1,off,none,0.0,0.325,0.175,True,0.25,0.0,0,A,1.0,1.0,1.0,0.0,1.0,1.0,0.08,12.5,fixed_point,3,1,,A,True,0,A,A,B,mint,carvone,off_then_on,0.46211715726000974,0.7615941559557649,0.9640275800758169,0.999329299739067
network_009,20260823,H3_ARCHT_C_TAGGED_LEADING,G3,H3,ArchT,,neutral_C,tone_present_tagged_high,False,True,False,True,1,on,suppress,1.0,0.325,0.175,True,0.25,0.25,48,A,0.4675324675324676,0.43902439024390244,0.7662337662337663,0.2987012987012987,0.7368421052631579,0.5208333333333334,0.08,6.510416666666667,cycle,6,2,2,A,True,0,A,A,B,mint,carvone,off_then_on,0.22959911703275335,0.43620344056235,0.7329466076151819,0.9536058960490604
network_009,20260823,H3_ARCHT_C_TAGGED_TRAILING,G3,H3,ArchT,,neutral_C,tone_present_untagged_high,False,True,False,True,1,off,none,0.0,0.175,0.325,True,0.25,0.0,0,B,-1.0,-1.0,0.0,1.0,1.0,0.21875,0.08,2.734375,fixed_point,3,1,,B,True,0,A,A,B,mint,carvone,off_then_on,-0.46211715726000974,-0.7615941559557649,-0.9640275800758169,-0.999329299739067
network_009,20260823,H3_ARCHT_C_TAGGED_TRAILING,G3,H3,ArchT,,neutral_C,tone_present_untagged_high,False,True,False,True,1,on,suppress,1.0,0.175,0.325,True,0.25,0.25,48,B,-0.9415584415584416,-0.8895705521472392,0.05844155844155844,1.0,0.7368421052631579,0.15625,0.07958333333333334,1.963350785340314,fixed_point,4,1,,B,True,0,A,A,B,mint,carvone,off_then_on,-0.43882869566608307,-0.7359374560857354,-0.9547685204206896,-0.9989297420920593
network_009,20260823,EGFP_TAGGED_CONTEXT_CONTROL,G4,CONTROL,EGFP,H1_ARCHT_TAGGED_CONTEXT,tagged_context,tagged_context_partial_cue,False,True,False,True,1,off,none,0.0,1.0,0.0,True,0.25,0.0,0,A,1.0,1.0,1.0,0.0,1.0,1.0,0.08,12.5,fixed_point,2,1,,A,True,0,A,A,B,mint,carvone,off_then_on,0.46211715726000974,0.7615941559557649,0.9640275800758169,0.999329299739067
network_009,20260823,EGFP_TAGGED_CONTEXT_CONTROL,G4,CONTROL,EGFP,H1_ARCHT_TAGGED_CONTEXT,tagged_context,tagged_context_partial_cue,False,True,False,True,1,on,none,0.0,1.0,0.0,True,0.25,0.0,0,A,1.0,1.0,1.0,0.0,1.0,1.0,0.08,12.5,fixed_point,2,1,,A,True,0,A,A,B,mint,carvone,off_then_on,0.46211715726000974,0.7615941559557649,0.9640275800758169,0.999329299739067
network_009,20260823,EGFP_UNTAGGED_CONTEXT_CONTROL,G4,CONTROL,EGFP,H2_CHR2_UNTAGGED_CONTEXT,untagged_context,untagged_context_partial_cue,False,True,False,True,1,off,none,0.0,0.0,1.0,True,0.25,0.0,0,B,-1.0,-1.0,0.0,1.0,1.0,0.21875,0.08,2.734375,fixed_point,2,1,,B,True,0,A,A,B,mint,carvone,off_then_on,-0.46211715726000974,-0.7615941559557649,-0.9640275800758169,-0.999329299739067
network_009,20260823,EGFP_UNTAGGED_CONTEXT_CONTROL,G4,CONTROL,EGFP,H2_CHR2_UNTAGGED_CONTEXT,untagged_context,untagged_context_partial_cue,False,True,False,True,1,on,none,0.0,0.0,1.0,True,0.25,0.0,0,B,-1.0,-1.0,0.0,1.0,1.0,0.21875,0.08,2.734375,fixed_point,2,1,,B,True,0,A,A,B,mint,carvone,off_then_on,-0.46211715726000974,-0.7615941559557649,-0.9640275800758169,-0.999329299739067
network_009,20260823,EGFP_C_TAGGED_LEADING_CONTROL,G4,CONTROL,EGFP,H3_ARCHT_C_TAGGED_LEADING,neutral_C,tone_present_tagged_high,False,True,False,True,1,off,none,0.0,0.325,0.175,True,0.25,0.0,0,A,1.0,1.0,1.0,0.0,1.0,1.0,0.08,12.5,fixed_point,3,1,,A,True,0,A,A,B,mint,carvone,off_then_on,0.46211715726000974,0.7615941559557649,0.9640275800758169,0.999329299739067
network_009,20260823,EGFP_C_TAGGED_LEADING_CONTROL,G4,CONTROL,EGFP,H3_ARCHT_C_TAGGED_LEADING,neutral_C,tone_present_tagged_high,False,True,False,True,1,on,none,0.0,0.325,0.175,True,0.25,0.0,0,A,1.0,1.0,1.0,0.0,1.0,1.0,0.08,12.5,fixed_point,3,1,,A,True,0,A,A,B,mint,carvone,off_then_on,0.46211715726000974,0.7615941559557649,0.9640275800758169,0.999329299739067
network_009,20260823,EGFP_C_TAGGED_TRAILING_CONTROL,G4,CONTROL,EGFP,H3_ARCHT_C_TAGGED_TRAILING,neutral_C,tone_present_untagged_high,False,True,False,True,1,off,none,0.0,0.175,0.325,True,0.25,0.0,0,B,-1.0,-1.0,0.0,1.0,1.0,0.21875,0.08,2.734375,fixed_point,3,1,,B,True,0,A,A,B,mint,carvone,off_then_on,-0.46211715726000974,-0.7615941559557649,-0.9640275800758169,-0.999329299739067
network_009,20260823,EGFP_C_TAGGED_TRAILING_CONTROL,G4,CONTROL,EGFP,H3_ARCHT_C_TAGGED_TRAILING,neutral_C,tone_present_untagged_high,False,True,False,True,1,on,none,0.0,0.175,0.325,True,0.25,0.0,0,B,-1.0,-1.0,0.0,1.0,1.0,0.21875,0.08,2.734375,fixed_point,3,1,,B,True,0,A,A,B,mint,carvone,off_then_on,-0.46211715726000974,-0.7615941559557649,-0.9640275800758169,-0.999329299739067
network_010,20260824,H1_ARCHT_TAGGED_CONTEXT,G1,H1,ArchT,,tagged_context,tagged_context_partial_cue,False,True,False,True,1,on,suppress,1.0,1.0,0.0,True,0.25,0.25,48,A,0.8181818181818182,1.0,0.8181818181818182,0.0,0.8157894736842105,0.6354166666666666,0.06541666666666666,9.713375796178344,fixed_point,3,1,,A,True,1,A,B,A,mint,carvone,on_then_off,0.3877005086612539,0.6740790585953567,0.9269625051147781,0.9971308600549863
network_010,20260824,H1_ARCHT_TAGGED_CONTEXT,G1,H1,ArchT,,tagged_context,tagged_context_partial_cue,False,True,False,True,1,off,none,0.0,1.0,0.0,True,0.25,0.0,0,A,1.0,1.0,1.0,0.0,1.0,1.0,0.08,12.5,fixed_point,2,1,,A,True,1,A,B,A,mint,carvone,on_then_off,0.46211715726000974,0.7615941559557649,0.9640275800758169,0.999329299739067
network_010,20260824,H2_CHR2_UNTAGGED_CONTEXT,G2,H2,ChR2,,untagged_context,untagged_context_partial_cue,False,True,False,True,1,on,activate,1.0,0.0,1.0,True,0.25,0.25,48,A,0.6103896103896105,0.6103896103896105,0.8051948051948052,0.19480519480519481,1.0,0.8854166666666667,0.08,11.067708333333334,cycle,2,2,2,A,True,1,A,B,A,mint,carvone,on_then_off,0.29605934470830425,0.5444012974765994,0.8398838805372157,0.9849671059236734
network_010,20260824,H2_CHR2_UNTAGGED_CONTEXT,G2,H2,ChR2,,untagged_context,untagged_context_partial_cue,False,True,False,True,1,off,none,0.0,0.0,1.0,True,0.25,0.0,0,B,-1.0,-1.0,0.0,1.0,1.0,0.19791666666666666,0.08,2.473958333333333,fixed_point,2,1,,B,True,1,A,B,A,mint,carvone,on_then_off,-0.46211715726000974,-0.7615941559557649,-0.9640275800758169,-0.999329299739067
network_010,20260824,H3_ARCHT_C_TAGGED_LEADING,G3,H3,ArchT,,neutral_C,tone_present_tagged_high,False,True,False,True,1,on,suppress,1.0,0.325,0.175,True,0.25,0.25,48,A,0.44155844155844154,0.41975308641975306,0.7467532467532467,0.3051948051948052,0.7894736842105263,0.5104166666666666,0.08,6.380208333333333,cycle,6,2,2,A,True,1,A,B,A,mint,carvone,on_then_off,0.21726062691433864,0.41493539845924027,0.7079773551997706,0.9431951698728677
network_010,20260824,H3_ARCHT_C_TAGGED_LEADING,G3,H3,ArchT,,neutral_C,tone_present_tagged_high,False,True,False,True,1,off,none,0.0,0.325,0.175,True,0.25,0.0,0,A,1.0,1.0,1.0,0.0,1.0,1.0,0.08,12.5,fixed_point,4,1,,A,True,1,A,B,A,mint,carvone,on_then_off,0.46211715726000974,0.7615941559557649,0.9640275800758169,0.999329299739067
network_010,20260824,H3_ARCHT_C_TAGGED_TRAILING,G3,H3,ArchT,,neutral_C,tone_present_untagged_high,False,True,False,True,1,on,suppress,1.0,0.175,0.325,True,0.25,0.25,48,B,-0.961038961038961,-0.925,0.03896103896103896,1.0,0.7894736842105263,0.125,0.07916666666666666,1.5789473684210527,fixed_point,3,1,,B,True,1,A,B,A,mint,carvone,on_then_off,-0.4466595484090612,-0.7447399397050122,-0.9580881748179859,-0.9990841175707301
network_010,20260824,H3_ARCHT_C_TAGGED_TRAILING,G3,H3,ArchT,,neutral_C,tone_present_untagged_high,False,True,False,True,1,off,none,0.0,0.175,0.325,True,0.25,0.0,0,B,-1.0,-1.0,0.0,1.0,1.0,0.19791666666666666,0.08,2.473958333333333,fixed_point,3,1,,B,True,1,A,B,A,mint,carvone,on_then_off,-0.46211715726000974,-0.7615941559557649,-0.9640275800758169,-0.999329299739067
network_010,20260824,EGFP_TAGGED_CONTEXT_CONTROL,G4,CONTROL,EGFP,H1_ARCHT_TAGGED_CONTEXT,tagged_context,tagged_context_partial_cue,False,True,False,True,1,on,none,0.0,1.0,0.0,True,0.25,0.0,0,A,1.0,1.0,1.0,0.0,1.0,1.0,0.08,12.5,fixed_point,2,1,,A,True,1,A,B,A,mint,carvone,on_then_off,0.46211715726000974,0.7615941559557649,0.9640275800758169,0.999329299739067
network_010,20260824,EGFP_TAGGED_CONTEXT_CONTROL,G4,CONTROL,EGFP,H1_ARCHT_TAGGED_CONTEXT,tagged_context,tagged_context_partial_cue,False,True,False,True,1,off,none,0.0,1.0,0.0,True,0.25,0.0,0,A,1.0,1.0,1.0,0.0,1.0,1.0,0.08,12.5,fixed_point,2,1,,A,True,1,A,B,A,mint,carvone,on_then_off,0.46211715726000974,0.7615941559557649,0.9640275800758169,0.999329299739067
network_010,20260824,EGFP_UNTAGGED_CONTEXT_CONTROL,G4,CONTROL,EGFP,H2_CHR2_UNTAGGED_CONTEXT,untagged_context,untagged_context_partial_cue,False,True,False,True,1,on,none,0.0,0.0,1.0,True,0.25,0.0,0,B,-1.0,-1.0,0.0,1.0,1.0,0.19791666666666666,0.08,2.473958333333333,fixed_point,2,1,,B,True,1,A,B,A,mint,carvone,on_then_off,-0.46211715726000974,-0.7615941559557649,-0.9640275800758169,-0.999329299739067
network_010,20260824,EGFP_UNTAGGED_CONTEXT_CONTROL,G4,CONTROL,EGFP,H2_CHR2_UNTAGGED_CONTEXT,untagged_context,untagged_context_partial_cue,False,True,False,True,1,off,none,0.0,0.0,1.0,True,0.25,0.0,0,B,-1.0,-1.0,0.0,1.0,1.0,0.19791666666666666,0.08,2.473958333333333,fixed_point,2,1,,B,True,1,A,B,A,mint,carvone,on_then_off,-0.46211715726000974,-0.7615941559557649,-0.9640275800758169,-0.999329299739067
network_010,20260824,EGFP_C_TAGGED_LEADING_CONTROL,G4,CONTROL,EGFP,H3_ARCHT_C_TAGGED_LEADING,neutral_C,tone_present_tagged_high,False,True,False,True,1,on,none,0.0,0.325,0.175,True,0.25,0.0,0,A,1.0,1.0,1.0,0.0,1.0,1.0,0.08,12.5,fixed_point,4,1,,A,True,1,A,B,A,mint,carvone,on_then_off,0.46211715726000974,0.7615941559557649,0.9640275800758169,0.999329299739067
network_010,20260824,EGFP_C_TAGGED_LEADING_CONTROL,G4,CONTROL,EGFP,H3_ARCHT_C_TAGGED_LEADING,neutral_C,tone_present_tagged_high,False,True,False,True,1,off,none,0.0,0.325,0.175,True,0.25,0.0,0,A,1.0,1.0,1.0,0.0,1.0,1.0,0.08,12.5,fixed_point,4,1,,A,True,1,A,B,A,mint,carvone,on_then_off,0.46211715726000974,0.7615941559557649,0.9640275800758169,0.999329299739067
network_010,20260824,EGFP_C_TAGGED_TRAILING_CONTROL,G4,CONTROL,EGFP,H3_ARCHT_C_TAGGED_TRAILING,neutral_C,tone_present_untagged_high,False,True,False,True,1,on,none,0.0,0.175,0.325,True,0.25,0.0,0,B,-1.0,-1.0,0.0,1.0,1.0,0.19791666666666666,0.08,2.473958333333333,fixed_point,3,1,,B,True,1,A,B,A,mint,carvone,on_then_off,-0.46211715726000974,-0.7615941559557649,-0.9640275800758169,-0.999329299739067
network_010,20260824,EGFP_C_TAGGED_TRAILING_CONTROL,G4,CONTROL,EGFP,H3_ARCHT_C_TAGGED_TRAILING,neutral_C,tone_present_untagged_high,False,True,False,True,1,off,none,0.0,0.175,0.325,True,0.25,0.0,0,B,-1.0,-1.0,0.0,1.0,1.0,0.19791666666666666,0.08,2.473958333333333,fixed_point,3,1,,B,True,1,A,B,A,mint,carvone,on_then_off,-0.46211715726000974,-0.7615941559557649,-0.9640275800758169,-0.999329299739067
network_011,20260825,H1_ARCHT_TAGGED_CONTEXT,G1,H1,ArchT,,tagged_context,tagged_context_partial_cue,False,True,False,True,1,off,none,0.0,1.0,0.0,True,0.25,0.0,0,A,1.0,1.0,1.0,0.0,1.0,1.0,0.08,12.5,fixed_point,2,1,,A,True,2,A,A,B,carvone,mint,off_then_on,0.46211715726000974,0.7615941559557649,0.9640275800758169,0.999329299739067
network_011,20260825,H1_ARCHT_TAGGED_CONTEXT,G1,H1,ArchT,,tagged_context,tagged_context_partial_cue,False,True,False,True,1,on,suppress,1.0,1.0,0.0,True,0.25,0.25,48,A,0.8311688311688312,1.0,0.8311688311688312,0.0,0.7105263157894737,0.6145833333333334,0.06458333333333334,9.516129032258064,fixed_point,2,1,,A,True,2,A,A,B,carvone,mint,off_then_on,0.39320403258465203,0.6811031137570319,0.9305313728964284,0.9974136236972083
network_011,20260825,H2_CHR2_UNTAGGED_CONTEXT,G2,H2,ChR2,,untagged_context,untagged_context_partial_cue,False,True,False,True,1,off,none,0.0,0.0,1.0,True,0.25,0.0,0,B,-1.0,-1.0,0.0,1.0,1.0,0.23958333333333334,0.08,2.9947916666666665,fixed_point,2,1,,B,True,2,A,A,B,carvone,mint,off_then_on,-0.46211715726000974,-0.7615941559557649,-0.9640275800758169,-0.999329299739067
network_011,20260825,H2_CHR2_UNTAGGED_CONTEXT,G2,H2,ChR2,,untagged_context,untagged_context_partial_cue,False,True,False,True,1,on,activate,1.0,0.0,1.0,True,0.25,0.25,48,A,0.6103896103896105,0.6103896103896105,0.8051948051948052,0.19480519480519481,1.0,0.8802083333333333,0.08,11.002604166666666,cycle,2,2,2,A,True,2,A,A,B,carvone,mint,off_then_on,0.29605934470830425,0.5444012974765994,0.8398838805372157,0.9849671059236734
network_011,20260825,H3_ARCHT_C_TAGGED_LEADING,G3,H3,ArchT,,neutral_C,tone_present_tagged_high,False,True,False,True,1,off,none,0.0,0.325,0.175,True,0.25,0.0,0,A,1.0,1.0,1.0,0.0,1.0,1.0,0.08,12.5,fixed_point,3,1,,A,True,2,A,A,B,carvone,mint,off_then_on,0.46211715726000974,0.7615941559557649,0.9640275800758169,0.999329299739067
network_011,20260825,H3_ARCHT_C_TAGGED_LEADING,G3,H3,ArchT,,neutral_C,tone_present_tagged_high,False,True,False,True,1,on,suppress,1.0,0.325,0.175,True,0.25,0.25,48,A,0.4805194805194805,0.45121951219512196,0.7727272727272727,0.2922077922077922,0.7368421052631579,0.53125,0.08,6.640625,cycle,6,2,2,A,True,2,A,A,B,carvone,mint,off_then_on,0.23574107004727,0.4466595484090612,0.7447399397050122,0.9580881748179859
network_011,20260825,H3_ARCHT_C_TAGGED_TRAILING,G3,H3,ArchT,,neutral_C,tone_present_untagged_high,False,True,False,True,1,off,none,0.0,0.175,0.325,True,0.25,0.0,0,B,-1.0,-1.0,0.0,1.0,1.0,0.23958333333333334,0.08,2.9947916666666665,fixed_point,3,1,,B,True,2,A,A,B,carvone,mint,off_then_on,-0.46211715726000974,-0.7615941559557649,-0.9640275800758169,-0.999329299739067
network_011,20260825,H3_ARCHT_C_TAGGED_TRAILING,G3,H3,ArchT,,neutral_C,tone_present_untagged_high,False,True,False,True,1,on,suppress,1.0,0.175,0.325,True,0.25,0.25,48,B,-0.9545454545454546,-0.9130434782608696,0.045454545454545456,1.0,0.7105263157894737,0.13541666666666666,0.07833333333333334,1.728723404255319,fixed_point,4,1,,B,True,2,A,A,B,carvone,mint,off_then_on,-0.44405677248152764,-0.7418339635443313,-0.9570090018249322,-0.9990353053383588
network_011,20260825,EGFP_TAGGED_CONTEXT_CONTROL,G4,CONTROL,EGFP,H1_ARCHT_TAGGED_CONTEXT,tagged_context,tagged_context_partial_cue,False,True,False,True,1,off,none,0.0,1.0,0.0,True,0.25,0.0,0,A,1.0,1.0,1.0,0.0,1.0,1.0,0.08,12.5,fixed_point,2,1,,A,True,2,A,A,B,carvone,mint,off_then_on,0.46211715726000974,0.7615941559557649,0.9640275800758169,0.999329299739067
network_011,20260825,EGFP_TAGGED_CONTEXT_CONTROL,G4,CONTROL,EGFP,H1_ARCHT_TAGGED_CONTEXT,tagged_context,tagged_context_partial_cue,False,True,False,True,1,on,none,0.0,1.0,0.0,True,0.25,0.0,0,A,1.0,1.0,1.0,0.0,1.0,1.0,0.08,12.5,fixed_point,2,1,,A,True,2,A,A,B,carvone,mint,off_then_on,0.46211715726000974,0.7615941559557649,0.9640275800758169,0.999329299739067
network_011,20260825,EGFP_UNTAGGED_CONTEXT_CONTROL,G4,CONTROL,EGFP,H2_CHR2_UNTAGGED_CONTEXT,untagged_context,untagged_context_partial_cue,False,True,False,True,1,off,none,0.0,0.0,1.0,True,0.25,0.0,0,B,-1.0,-1.0,0.0,1.0,1.0,0.23958333333333334,0.08,2.9947916666666665,fixed_point,2,1,,B,True,2,A,A,B,carvone,mint,off_then_on,-0.46211715726000974,-0.7615941559557649,-0.9640275800758169,-0.999329299739067
network_011,20260825,EGFP_UNTAGGED_CONTEXT_CONTROL,G4,CONTROL,EGFP,H2_CHR2_UNTAGGED_CONTEXT,untagged_context,untagged_context_partial_cue,False,True,False,True,1,on,none,0.0,0.0,1.0,True,0.25,0.0,0,B,-1.0,-1.0,0.0,1.0,1.0,0.23958333333333334,0.08,2.9947916666666665,fixed_point,2,1,,B,True,2,A,A,B,carvone,mint,off_then_on,-0.46211715726000974,-0.7615941559557649,-0.9640275800758169,-0.999329299739067
network_011,20260825,EGFP_C_TAGGED_LEADING_CONTROL,G4,CONTROL,EGFP,H3_ARCHT_C_TAGGED_LEADING,neutral_C,tone_present_tagged_high,False,True,False,True,1,off,none,0.0,0.325,0.175,True,0.25,0.0,0,A,1.0,1.0,1.0,0.0,1.0,1.0,0.08,12.5,fixed_point,3,1,,A,True,2,A,A,B,carvone,mint,off_then_on,0.46211715726000974,0.7615941559557649,0.9640275800758169,0.999329299739067
network_011,20260825,EGFP_C_TAGGED_LEADING_CONTROL,G4,CONTROL,EGFP,H3_ARCHT_C_TAGGED_LEADING,neutral_C,tone_present_tagged_high,False,True,False,True,1,on,none,0.0,0.325,0.175,True,0.25,0.0,0,A,1.0,1.0,1.0,0.0,1.0,1.0,0.08,12.5,fixed_point,3,1,,A,True,2,A,A,B,carvone,mint,off_then_on,0.46211715726000974,0.7615941559557649,0.9640275800758169,0.999329299739067
network_011,20260825,EGFP_C_TAGGED_TRAILING_CONTROL,G4,CONTROL,EGFP,H3_ARCHT_C_TAGGED_TRAILING,neutral_C,tone_present_untagged_high,False,True,False,True,1,off,none,0.0,0.175,0.325,True,0.25,0.0,0,B,-1.0,-1.0,0.0,1.0,1.0,0.23958333333333334,0.08,2.9947916666666665,fixed_point,3,1,,B,True,2,A,A,B,carvone,mint,off_then_on,-0.46211715726000974,-0.7615941559557649,-0.9640275800758169,-0.999329299739067
network_011,20260825,EGFP_C_TAGGED_TRAILING_CONTROL,G4,CONTROL,EGFP,H3_ARCHT_C_TAGGED_TRAILING,neutral_C,tone_present_untagged_high,False,True,False,True,1,on,none,0.0,0.175,0.325,True,0.25,0.0,0,B,-1.0,-1.0,0.0,1.0,1.0,0.23958333333333334,0.08,2.9947916666666665,fixed_point,3,1,,B,True,2,A,A,B,carvone,mint,off_then_on,-0.46211715726000974,-0.7615941559557649,-0.9640275800758169,-0.999329299739067
network_012,20260826,H1_ARCHT_TAGGED_CONTEXT,G1,H1,ArchT,,tagged_context,tagged_context_partial_cue,False,True,False,True,1,on,suppress,1.0,1.0,0.0,True,0.25,0.25,48,A,0.7987012987012987,1.0,0.7987012987012987,0.0,0.7631578947368421,0.5833333333333334,0.06333333333333334,9.210526315789474,fixed_point,2,1,,A,True,3,A,B,A,carvone,mint,on_then_off,0.37939321561811595,0.6633100983327314,0.9212766376432162,0.9966478076402583
network_012,20260826,H1_ARCHT_TAGGED_CONTEXT,G1,H1,ArchT,,tagged_context,tagged_context_partial_cue,False,True,False,True,1,off,none,0.0,1.0,0.0,True,0.25,0.0,0,A,1.0,1.0,1.0,0.0,1.0,1.0,0.08,12.5,fixed_point,2,1,,A,True,3,A,B,A,carvone,mint,on_then_off,0.46211715726000974,0.7615941559557649,0.9640275800758169,0.999329299739067
network_012,20260826,H2_CHR2_UNTAGGED_CONTEXT,G2,H2,ChR2,,untagged_context,untagged_context_partial_cue,False,True,False,True,1,on,activate,1.0,0.0,1.0,True,0.25,0.25,48,A,0.6103896103896105,0.6103896103896105,0.8051948051948052,0.19480519480519481,1.0,0.890625,0.08,11.1328125,cycle,2,2,2,A,True,3,A,B,A,carvone,mint,on_then_off,0.29605934470830425,0.5444012974765994,0.8398838805372157,0.9849671059236734
network_012,20260826,H2_CHR2_UNTAGGED_CONTEXT,G2,H2,ChR2,,untagged_context,untagged_context_partial_cue,False,True,False,True,1,off,none,0.0,0.0,1.0,True,0.25,0.0,0,B,-1.0,-1.0,0.0,1.0,1.0,0.20833333333333334,0.08,2.6041666666666665,fixed_point,2,1,,B,True,3,A,B,A,carvone,mint,on_then_off,-0.46211715726000974,-0.7615941559557649,-0.9640275800758169,-0.999329299739067
network_012,20260826,H3_ARCHT_C_TAGGED_LEADING,G3,H3,ArchT,,neutral_C,tone_present_tagged_high,False,True,False,True,1,on,suppress,1.0,0.325,0.175,True,0.25,0.25,48,A,0.4480519480519481,0.4233128834355828,0.7532467532467533,0.3051948051948052,0.7631578947368421,0.5104166666666666,0.08,6.380208333333333,cycle,6,2,2,A,True,3,A,B,A,carvone,mint,on_then_off,0.22035193488484545,0.4202963890209776,0.7143954900898771,0.9459930833731142
network_012,20260826,H3_ARCHT_C_TAGGED_LEADING,G3,H3,ArchT,,neutral_C,tone_present_tagged_high,False,True,False,True,1,off,none,0.0,0.325,0.175,True,0.25,0.0,0,A,1.0,1.0,1.0,0.0,1.0,1.0,0.08,12.5,fixed_point,3,1,,A,True,3,A,B,A,carvone,mint,on_then_off,0.46211715726000974,0.7615941559557649,0.9640275800758169,0.999329299739067
network_012,20260826,H3_ARCHT_C_TAGGED_TRAILING,G3,H3,ArchT,,neutral_C,tone_present_untagged_high,False,True,False,True,1,on,suppress,1.0,0.175,0.325,True,0.25,0.25,48,B,-0.9545454545454546,-0.9130434782608696,0.045454545454545456,1.0,0.7894736842105263,0.15625,0.07958333333333334,1.963350785340314,fixed_point,4,1,,B,True,3,A,B,A,carvone,mint,on_then_off,-0.44405677248152764,-0.7418339635443313,-0.9570090018249322,-0.9990353053383588
network_012,20260826,H3_ARCHT_C_TAGGED_TRAILING,G3,H3,ArchT,,neutral_C,tone_present_untagged_high,False,True,False,True,1,off,none,0.0,0.175,0.325,True,0.25,0.0,0,B,-1.0,-1.0,0.0,1.0,1.0,0.20833333333333334,0.08,2.6041666666666665,fixed_point,4,1,,B,True,3,A,B,A,carvone,mint,on_then_off,-0.46211715726000974,-0.7615941559557649,-0.9640275800758169,-0.999329299739067
network_012,20260826,EGFP_TAGGED_CONTEXT_CONTROL,G4,CONTROL,EGFP,H1_ARCHT_TAGGED_CONTEXT,tagged_context,tagged_context_partial_cue,False,True,False,True,1,on,none,0.0,1.0,0.0,True,0.25,0.0,0,A,1.0,1.0,1.0,0.0,1.0,1.0,0.08,12.5,fixed_point,2,1,,A,True,3,A,B,A,carvone,mint,on_then_off,0.46211715726000974,0.7615941559557649,0.9640275800758169,0.999329299739067
network_012,20260826,EGFP_TAGGED_CONTEXT_CONTROL,G4,CONTROL,EGFP,H1_ARCHT_TAGGED_CONTEXT,tagged_context,tagged_context_partial_cue,False,True,False,True,1,off,none,0.0,1.0,0.0,True,0.25,0.0,0,A,1.0,1.0,1.0,0.0,1.0,1.0,0.08,12.5,fixed_point,2,1,,A,True,3,A,B,A,carvone,mint,on_then_off,0.46211715726000974,0.7615941559557649,0.9640275800758169,0.999329299739067
network_012,20260826,EGFP_UNTAGGED_CONTEXT_CONTROL,G4,CONTROL,EGFP,H2_CHR2_UNTAGGED_CONTEXT,untagged_context,untagged_context_partial_cue,False,True,False,True,1,on,none,0.0,0.0,1.0,True,0.25,0.0,0,B,-1.0,-1.0,0.0,1.0,1.0,0.20833333333333334,0.08,2.6041666666666665,fixed_point,2,1,,B,True,3,A,B,A,carvone,mint,on_then_off,-0.46211715726000974,-0.7615941559557649,-0.9640275800758169,-0.999329299739067
network_012,20260826,EGFP_UNTAGGED_CONTEXT_CONTROL,G4,CONTROL,EGFP,H2_CHR2_UNTAGGED_CONTEXT,untagged_context,untagged_context_partial_cue,False,True,False,True,1,off,none,0.0,0.0,1.0,True,0.25,0.0,0,B,-1.0,-1.0,0.0,1.0,1.0,0.20833333333333334,0.08,2.6041666666666665,fixed_point,2,1,,B,True,3,A,B,A,carvone,mint,on_then_off,-0.46211715726000974,-0.7615941559557649,-0.9640275800758169,-0.999329299739067
network_012,20260826,EGFP_C_TAGGED_LEADING_CONTROL,G4,CONTROL,EGFP,H3_ARCHT_C_TAGGED_LEADING,neutral_C,tone_present_tagged_high,False,True,False,True,1,on,none,0.0,0.325,0.175,True,0.25,0.0,0,A,1.0,1.0,1.0,0.0,1.0,1.0,0.08,12.5,fixed_point,3,1,,A,True,3,A,B,A,carvone,mint,on_then_off,0.46211715726000974,0.7615941559557649,0.9640275800758169,0.999329299739067
network_012,20260826,EGFP_C_TAGGED_LEADING_CONTROL,G4,CONTROL,EGFP,H3_ARCHT_C_TAGGED_LEADING,neutral_C,tone_present_tagged_high,False,True,False,True,1,off,none,0.0,0.325,0.175,True,0.25,0.0,0,A,1.0,1.0,1.0,0.0,1.0,1.0,0.08,12.5,fixed_point,3,1,,A,True,3,A,B,A,carvone,mint,on_then_off,0.46211715726000974,0.7615941559557649,0.9640275800758169,0.999329299739067
network_012,20260826,EGFP_C_TAGGED_TRAILING_CONTROL,G4,CONTROL,EGFP,H3_ARCHT_C_TAGGED_TRAILING,neutral_C,tone_present_untagged_high,False,True,False,True,1,on,none,0.0,0.175,0.325,True,0.25,0.0,0,B,-1.0,-1.0,0.0,1.0,1.0,0.20833333333333334,0.08,2.6041666666666665,fixed_point,4,1,,B,True,3,A,B,A,carvone,mint,on_then_off,-0.46211715726000974,-0.7615941559557649,-0.9640275800758169,-0.999329299739067
network_012,20260826,EGFP_C_TAGGED_TRAILING_CONTROL,G4,CONTROL,EGFP,H3_ARCHT_C_TAGGED_TRAILING,neutral_C,tone_present_untagged_high,False,True,False,True,1,off,none,0.0,0.175,0.325,True,0.25,0.0,0,B,-1.0,-1.0,0.0,1.0,1.0,0.20833333333333334,0.08,2.6041666666666665,fixed_point,4,1,,B,True,3,A,B,A,carvone,mint,on_then_off,-0.46211715726000974,-0.7615941559557649,-0.9640275800758169,-0.999329299739067
network_013,20260827,H1_ARCHT_TAGGED_CONTEXT,G1,H1,ArchT,,tagged_context,tagged_context_partial_cue,False,True,False,True,1,off,none,0.0,1.0,0.0,True,0.25,0.0,0,A,1.0,1.0,1.0,0.0,1.0,1.0,0.08,12.5,fixed_point,2,1,,A,True,4,A,A,B,mint,carvone,off_then_on,0.46211715726000974,0.7615941559557649,0.9640275800758169,0.999329299739067
network_013,20260827,H1_ARCHT_TAGGED_CONTEXT,G1,H1,ArchT,,tagged_context,tagged_context_partial_cue,False,True,False,True,1,on,suppress,1.0,1.0,0.0,True,0.25,0.25,48,A,0.7727272727272727,1.0,0.7727272727272727,0.0,0.8421052631578947,0.5729166666666666,0.06291666666666666,9.105960264900663,fixed_point,2,1,,A,True,4,A,A,B,mint,carvone,off_then_on,0.3682211241876279,0.6485125142138398,0.913032385056642,0.9958751908853415
network_013,20260827,H2_CHR2_UNTAGGED_CONTEXT,G2,H2,ChR2,,untagged_context,untagged_context_partial_cue,False,True,False,True,1,off,none,0.0,0.0,1.0,True,0.25,0.0,0,B,-1.0,-1.0,0.0,1.0,1.0,0.22916666666666666,0.08,2.864583333333333,fixed_point,2,1,,B,True,4,A,A,B,mint,carvone,off_then_on,-0.46211715726000974,-0.7615941559557649,-0.9640275800758169,-0.999329299739067
network_013,20260827,H2_CHR2_UNTAGGED_CONTEXT,G2,H2,ChR2,,untagged_context,untagged_context_partial_cue,False,True,False,True,1,on,activate,1.0,0.0,1.0,True,0.25,0.25,48,A,0.6103896103896105,0.6103896103896105,0.8051948051948052,0.19480519480519481,1.0,0.9166666666666667,0.08,11.458333333333334,cycle,2,2,2,A,True,4,A,A,B,mint,carvone,off_then_on,0.29605934470830425,0.5444012974765994,0.8398838805372157,0.9849671059236734
network_013,20260827,H3_ARCHT_C_TAGGED_LEADING,G3,H3,ArchT,,neutral_C,tone_present_tagged_high,False,True,False,True,1,off,none,0.0,0.325,0.175,True,0.25,0.0,0,A,1.0,1.0,1.0,0.0,1.0,1.0,0.08,12.5,fixed_point,3,1,,A,True,4,A,A,B,mint,carvone,off_then_on,0.46211715726000974,0.7615941559557649,0.9640275800758169,0.999329299739067
network_013,20260827,H3_ARCHT_C_TAGGED_LEADING,G3,H3,ArchT,,neutral_C,tone_present_tagged_high,False,True,False,True,1,on,suppress,1.0,0.325,0.175,True,0.25,0.25,48,A,0.4415584415584416,0.4250000000000001,0.7402597402597403,0.2987012987012987,0.8421052631578947,0.5208333333333334,0.08,6.510416666666667,cycle,6,2,2,A,True,4,A,A,B,mint,carvone,off_then_on,0.21726062691433867,0.41493539845924027,0.7079773551997706,0.9431951698728678
network_013,20260827,H3_ARCHT_C_TAGGED_TRAILING,G3,H3,ArchT,,neutral_C,tone_present_untagged_high,False,True,False,True,1,off,none,0.0,0.175,0.325,True,0.25,0.0,0,B,-1.0,-1.0,0.0,1.0,1.0,0.22916666666666666,0.08,2.864583333333333,fixed_point,3,1,,B,True,4,A,A,B,mint,carvone,off_then_on,-0.46211715726000974,-0.7615941559557649,-0.9640275800758169,-0.999329299739067
network_013,20260827,H3_ARCHT_C_TAGGED_TRAILING,G3,H3,ArchT,,neutral_C,tone_present_untagged_high,False,True,False,True,1,on,suppress,1.0,0.175,0.325,True,0.25,0.25,48,B,-0.948051948051948,-0.9012345679012346,0.05194805194805195,1.0,0.7894736842105263,0.17708333333333334,0.08,2.2135416666666665,cycle,5,2,2,B,True,4,A,A,B,mint,carvone,off_then_on,-0.44144648067770365,-0.7388998554879961,-0.9559026673679503,-0.9989838929655188
network_013,20260827,EGFP_TAGGED_CONTEXT_CONTROL,G4,CONTROL,EGFP,H1_ARCHT_TAGGED_CONTEXT,tagged_context,tagged_context_partial_cue,False,True,False,True,1,off,none,0.0,1.0,0.0,True,0.25,0.0,0,A,1.0,1.0,1.0,0.0,1.0,1.0,0.08,12.5,fixed_point,2,1,,A,True,4,A,A,B,mint,carvone,off_then_on,0.46211715726000974,0.7615941559557649,0.9640275800758169,0.999329299739067
network_013,20260827,EGFP_TAGGED_CONTEXT_CONTROL,G4,CONTROL,EGFP,H1_ARCHT_TAGGED_CONTEXT,tagged_context,tagged_context_partial_cue,False,True,False,True,1,on,none,0.0,1.0,0.0,True,0.25,0.0,0,A,1.0,1.0,1.0,0.0,1.0,1.0,0.08,12.5,fixed_point,2,1,,A,True,4,A,A,B,mint,carvone,off_then_on,0.46211715726000974,0.7615941559557649,0.9640275800758169,0.999329299739067
network_013,20260827,EGFP_UNTAGGED_CONTEXT_CONTROL,G4,CONTROL,EGFP,H2_CHR2_UNTAGGED_CONTEXT,untagged_context,untagged_context_partial_cue,False,True,False,True,1,off,none,0.0,0.0,1.0,True,0.25,0.0,0,B,-1.0,-1.0,0.0,1.0,1.0,0.22916666666666666,0.08,2.864583333333333,fixed_point,2,1,,B,True,4,A,A,B,mint,carvone,off_then_on,-0.46211715726000974,-0.7615941559557649,-0.9640275800758169,-0.999329299739067
network_013,20260827,EGFP_UNTAGGED_CONTEXT_CONTROL,G4,CONTROL,EGFP,H2_CHR2_UNTAGGED_CONTEXT,untagged_context,untagged_context_partial_cue,False,True,False,True,1,on,none,0.0,0.0,1.0,True,0.25,0.0,0,B,-1.0,-1.0,0.0,1.0,1.0,0.22916666666666666,0.08,2.864583333333333,fixed_point,2,1,,B,True,4,A,A,B,mint,carvone,off_then_on,-0.46211715726000974,-0.7615941559557649,-0.9640275800758169,-0.999329299739067
network_013,20260827,EGFP_C_TAGGED_LEADING_CONTROL,G4,CONTROL,EGFP,H3_ARCHT_C_TAGGED_LEADING,neutral_C,tone_present_tagged_high,False,True,False,True,1,off,none,0.0,0.325,0.175,True,0.25,0.0,0,A,1.0,1.0,1.0,0.0,1.0,1.0,0.08,12.5,fixed_point,3,1,,A,True,4,A,A,B,mint,carvone,off_then_on,0.46211715726000974,0.7615941559557649,0.9640275800758169,0.999329299739067
network_013,20260827,EGFP_C_TAGGED_LEADING_CONTROL,G4,CONTROL,EGFP,H3_ARCHT_C_TAGGED_LEADING,neutral_C,tone_present_tagged_high,False,True,False,True,1,on,none,0.0,0.325,0.175,True,0.25,0.0,0,A,1.0,1.0,1.0,0.0,1.0,1.0,0.08,12.5,fixed_point,3,1,,A,True,4,A,A,B,mint,carvone,off_then_on,0.46211715726000974,0.7615941559557649,0.9640275800758169,0.999329299739067
network_013,20260827,EGFP_C_TAGGED_TRAILING_CONTROL,G4,CONTROL,EGFP,H3_ARCHT_C_TAGGED_TRAILING,neutral_C,tone_present_untagged_high,False,True,False,True,1,off,none,0.0,0.175,0.325,True,0.25,0.0,0,B,-1.0,-1.0,0.0,1.0,1.0,0.22916666666666666,0.08,2.864583333333333,fixed_point,3,1,,B,True,4,A,A,B,mint,carvone,off_then_on,-0.46211715726000974,-0.7615941559557649,-0.9640275800758169,-0.999329299739067
network_013,20260827,EGFP_C_TAGGED_TRAILING_CONTROL,G4,CONTROL,EGFP,H3_ARCHT_C_TAGGED_TRAILING,neutral_C,tone_present_untagged_high,False,True,False,True,1,on,none,0.0,0.175,0.325,True,0.25,0.0,0,B,-1.0,-1.0,0.0,1.0,1.0,0.22916666666666666,0.08,2.864583333333333,fixed_point,3,1,,B,True,4,A,A,B,mint,carvone,off_then_on,-0.46211715726000974,-0.7615941559557649,-0.9640275800758169,-0.999329299739067
network_014,20260828,H1_ARCHT_TAGGED_CONTEXT,G1,H1,ArchT,,tagged_context,tagged_context_partial_cue,False,True,False,True,1,on,suppress,1.0,1.0,0.0,True,0.25,0.25,48,A,0.8051948051948052,1.0,0.8051948051948052,0.0,0.7894736842105263,0.6041666666666666,0.06416666666666666,9.415584415584416,fixed_point,2,1,,A,True,5,A,B,A,mint,carvone,on_then_off,0.3821692045540222,0.6669309433527231,0.9232175831871263,0.996817231656945
network_014,20260828,H1_ARCHT_TAGGED_CONTEXT,G1,H1,ArchT,,tagged_context,tagged_context_partial_cue,False,True,False,True,1,off,none,0.0,1.0,0.0,True,0.25,0.0,0,A,1.0,1.0,1.0,0.0,1.0,1.0,0.08,12.5,fixed_point,2,1,,A,True,5,A,B,A,mint,carvone,on_then_off,0.46211715726000974,0.7615941559557649,0.9640275800758169,0.999329299739067
network_014,20260828,H2_CHR2_UNTAGGED_CONTEXT,G2,H2,ChR2,,untagged_context,untagged_context_partial_cue,False,True,False,True,1,on,activate,1.0,0.0,1.0,True,0.25,0.25,48,A,0.6103896103896105,0.6103896103896105,0.8051948051948052,0.19480519480519481,1.0,0.8958333333333333,0.08,11.197916666666666,cycle,2,2,2,A,True,5,A,B,A,mint,carvone,on_then_off,0.29605934470830425,0.5444012974765994,0.8398838805372157,0.9849671059236734
network_014,20260828,H2_CHR2_UNTAGGED_CONTEXT,G2,H2,ChR2,,untagged_context,untagged_context_partial_cue,False,True,False,True,1,off,none,0.0,0.0,1.0,True,0.25,0.0,0,B,-1.0,-1.0,0.0,1.0,1.0,0.20833333333333334,0.08,2.6041666666666665,fixed_point,2,1,,B,True,5,A,B,A,mint,carvone,on_then_off,-0.46211715726000974,-0.7615941559557649,-0.9640275800758169,-0.999329299739067
network_014,20260828,H3_ARCHT_C_TAGGED_LEADING,G3,H3,ArchT,,neutral_C,tone_present_tagged_high,False,True,False,True,1,on,suppress,1.0,0.325,0.175,True,0.25,0.25,48,A,0.4545454545454546,0.4320987654320988,0.7532467532467533,0.2987012987012987,0.7894736842105263,0.5208333333333334,0.08,6.510416666666667,cycle,6,2,2,A,True,5,A,B,A,mint,carvone,on_then_off,0.22343882281432279,0.4256281972349948,0.7206956331664798,0.948656827300346
network_014,20260828,H3_ARCHT_C_TAGGED_LEADING,G3,H3,ArchT,,neutral_C,tone_present_tagged_high,False,True,False,True,1,off,none,0.0,0.325,0.175,True,0.25,0.0,0,A,1.0,1.0,1.0,0.0,1.0,1.0,0.08,12.5,fixed_point,3,1,,A,True,5,A,B,A,mint,carvone,on_then_off,0.46211715726000974,0.7615941559557649,0.9640275800758169,0.999329299739067
network_014,20260828,H3_ARCHT_C_TAGGED_TRAILING,G3,H3,ArchT,,neutral_C,tone_present_untagged_high,False,True,False,True,1,on,suppress,1.0,0.175,0.325,True,0.25,0.25,48,B,-0.948051948051948,-0.9012345679012346,0.05194805194805195,1.0,0.7631578947368421,0.125,0.07958333333333334,1.5706806282722512,fixed_point,4,1,,B,True,5,A,B,A,mint,carvone,on_then_off,-0.44144648067770365,-0.7388998554879961,-0.9559026673679503,-0.9989838929655188
network_014,20260828,H3_ARCHT_C_TAGGED_TRAILING,G3,H3,ArchT,,neutral_C,tone_present_untagged_high,False,True,False,True,1,off,none,0.0,0.175,0.325,True,0.25,0.0,0,B,-1.0,-1.0,0.0,1.0,1.0,0.20833333333333334,0.08,2.6041666666666665,fixed_point,4,1,,B,True,5,A,B,A,mint,carvone,on_then_off,-0.46211715726000974,-0.7615941559557649,-0.9640275800758169,-0.999329299739067
network_014,20260828,EGFP_TAGGED_CONTEXT_CONTROL,G4,CONTROL,EGFP,H1_ARCHT_TAGGED_CONTEXT,tagged_context,tagged_context_partial_cue,False,True,False,True,1,on,none,0.0,1.0,0.0,True,0.25,0.0,0,A,1.0,1.0,1.0,0.0,1.0,1.0,0.08,12.5,fixed_point,2,1,,A,True,5,A,B,A,mint,carvone,on_then_off,0.46211715726000974,0.7615941559557649,0.9640275800758169,0.999329299739067
network_014,20260828,EGFP_TAGGED_CONTEXT_CONTROL,G4,CONTROL,EGFP,H1_ARCHT_TAGGED_CONTEXT,tagged_context,tagged_context_partial_cue,False,True,False,True,1,off,none,0.0,1.0,0.0,True,0.25,0.0,0,A,1.0,1.0,1.0,0.0,1.0,1.0,0.08,12.5,fixed_point,2,1,,A,True,5,A,B,A,mint,carvone,on_then_off,0.46211715726000974,0.7615941559557649,0.9640275800758169,0.999329299739067
network_014,20260828,EGFP_UNTAGGED_CONTEXT_CONTROL,G4,CONTROL,EGFP,H2_CHR2_UNTAGGED_CONTEXT,untagged_context,untagged_context_partial_cue,False,True,False,True,1,on,none,0.0,0.0,1.0,True,0.25,0.0,0,B,-1.0,-1.0,0.0,1.0,1.0,0.20833333333333334,0.08,2.6041666666666665,fixed_point,2,1,,B,True,5,A,B,A,mint,carvone,on_then_off,-0.46211715726000974,-0.7615941559557649,-0.9640275800758169,-0.999329299739067
network_014,20260828,EGFP_UNTAGGED_CONTEXT_CONTROL,G4,CONTROL,EGFP,H2_CHR2_UNTAGGED_CONTEXT,untagged_context,untagged_context_partial_cue,False,True,False,True,1,off,none,0.0,0.0,1.0,True,0.25,0.0,0,B,-1.0,-1.0,0.0,1.0,1.0,0.20833333333333334,0.08,2.6041666666666665,fixed_point,2,1,,B,True,5,A,B,A,mint,carvone,on_then_off,-0.46211715726000974,-0.7615941559557649,-0.9640275800758169,-0.999329299739067
network_014,20260828,EGFP_C_TAGGED_LEADING_CONTROL,G4,CONTROL,EGFP,H3_ARCHT_C_TAGGED_LEADING,neutral_C,tone_present_tagged_high,False,True,False,True,1,on,none,0.0,0.325,0.175,True,0.25,0.0,0,A,1.0,1.0,1.0,0.0,1.0,1.0,0.08,12.5,fixed_point,3,1,,A,True,5,A,B,A,mint,carvone,on_then_off,0.46211715726000974,0.7615941559557649,0.9640275800758169,0.999329299739067
network_014,20260828,EGFP_C_TAGGED_LEADING_CONTROL,G4,CONTROL,EGFP,H3_ARCHT_C_TAGGED_LEADING,neutral_C,tone_present_tagged_high,False,True,False,True,1,off,none,0.0,0.325,0.175,True,0.25,0.0,0,A,1.0,1.0,1.0,0.0,1.0,1.0,0.08,12.5,fixed_point,3,1,,A,True,5,A,B,A,mint,carvone,on_then_off,0.46211715726000974,0.7615941559557649,0.9640275800758169,0.999329299739067
network_014,20260828,EGFP_C_TAGGED_TRAILING_CONTROL,G4,CONTROL,EGFP,H3_ARCHT_C_TAGGED_TRAILING,neutral_C,tone_present_untagged_high,False,True,False,True,1,on,none,0.0,0.175,0.325,True,0.25,0.0,0,B,-1.0,-1.0,0.0,1.0,1.0,0.20833333333333334,0.08,2.6041666666666665,fixed_point,4,1,,B,True,5,A,B,A,mint,carvone,on_then_off,-0.46211715726000974,-0.7615941559557649,-0.9640275800758169,-0.999329299739067
network_014,20260828,EGFP_C_TAGGED_TRAILING_CONTROL,G4,CONTROL,EGFP,H3_ARCHT_C_TAGGED_TRAILING,neutral_C,tone_present_untagged_high,False,True,False,True,1,off,none,0.0,0.175,0.325,True,0.25,0.0,0,B,-1.0,-1.0,0.0,1.0,1.0,0.20833333333333334,0.08,2.6041666666666665,fixed_point,4,1,,B,True,5,A,B,A,mint,carvone,on_then_off,-0.46211715726000974,-0.7615941559557649,-0.9640275800758169,-0.999329299739067
network_015,20260829,H1_ARCHT_TAGGED_CONTEXT,G1,H1,ArchT,,tagged_context,tagged_context_partial_cue,False,True,False,True,1,off,none,0.0,1.0,0.0,True,0.25,0.0,0,A,1.0,1.0,1.0,0.0,1.0,1.0,0.08,12.5,fixed_point,2,1,,A,True,6,A,A,B,carvone,mint,off_then_on,0.46211715726000974,0.7615941559557649,0.9640275800758169,0.999329299739067
network_015,20260829,H1_ARCHT_TAGGED_CONTEXT,G1,H1,ArchT,,tagged_context,tagged_context_partial_cue,False,True,False,True,1,on,suppress,1.0,1.0,0.0,True,0.25,0.25,48,A,0.8051948051948052,1.0,0.8051948051948052,0.0,0.8157894736842105,0.6145833333333334,0.06458333333333334,9.516129032258064,fixed_point,2,1,,A,True,6,A,A,B,carvone,mint,off_then_on,0.3821692045540222,0.6669309433527231,0.9232175831871263,0.996817231656945
network_015,20260829,H2_CHR2_UNTAGGED_CONTEXT,G2,H2,ChR2,,untagged_context,untagged_context_partial_cue,False,True,False,True,1,off,none,0.0,0.0,1.0,True,0.25,0.0,0,B,-1.0,-1.0,0.0,1.0,1.0,0.20833333333333334,0.08,2.6041666666666665,fixed_point,2,1,,B,True,6,A,A,B,carvone,mint,off_then_on,-0.46211715726000974,-0.7615941559557649,-0.9640275800758169,-0.999329299739067
network_015,20260829,H2_CHR2_UNTAGGED_CONTEXT,G2,H2,ChR2,,untagged_context,untagged_context_partial_cue,False,True,False,True,1,on,activate,1.0,0.0,1.0,True,0.25,0.25,48,A,0.6103896103896105,0.6103896103896105,0.8051948051948052,0.19480519480519481,1.0,0.8802083333333333,0.08,11.002604166666666,cycle,2,2,2,A,True,6,A,A,B,carvone,mint,off_then_on,0.29605934470830425,0.5444012974765994,0.8398838805372157,0.9849671059236734
network_015,20260829,H3_ARCHT_C_TAGGED_LEADING,G3,H3,ArchT,,neutral_C,tone_present_tagged_high,False,True,False,True,1,off,none,0.0,0.325,0.175,True,0.25,0.0,0,A,1.0,1.0,1.0,0.0,1.0,1.0,0.08,12.5,fixed_point,3,1,,A,True,6,A,A,B,carvone,mint,off_then_on,0.46211715726000974,0.7615941559557649,0.9640275800758169,0.999329299739067
network_015,20260829,H3_ARCHT_C_TAGGED_LEADING,G3,H3,ArchT,,neutral_C,tone_present_tagged_high,False,True,False,True,1,on,suppress,1.0,0.325,0.175,True,0.25,0.25,48,A,0.44155844155844154,0.41975308641975306,0.7467532467532467,0.3051948051948052,0.7894736842105263,0.5104166666666666,0.08,6.380208333333333,cycle,6,2,2,A,True,6,A,A,B,carvone,mint,off_then_on,0.21726062691433864,0.41493539845924027,0.7079773551997706,0.9431951698728677
network_015,20260829,H3_ARCHT_C_TAGGED_TRAILING,G3,H3,ArchT,,neutral_C,tone_present_untagged_high,False,True,False,True,1,off,none,0.0,0.175,0.325,True,0.25,0.0,0,B,-1.0,-1.0,0.0,1.0,1.0,0.20833333333333334,0.08,2.6041666666666665,fixed_point,3,1,,B,True,6,A,A,B,carvone,mint,off_then_on,-0.46211715726000974,-0.7615941559557649,-0.9640275800758169,-0.999329299739067
network_015,20260829,H3_ARCHT_C_TAGGED_TRAILING,G3,H3,ArchT,,neutral_C,tone_present_untagged_high,False,True,False,True,1,on,suppress,1.0,0.175,0.325,True,0.25,0.25,48,B,-0.961038961038961,-0.925,0.03896103896103896,1.0,0.7894736842105263,0.15625,0.07916666666666666,1.973684210526316,fixed_point,3,1,,B,True,6,A,A,B,carvone,mint,off_then_on,-0.4466595484090612,-0.7447399397050122,-0.9580881748179859,-0.9990841175707301
network_015,20260829,EGFP_TAGGED_CONTEXT_CONTROL,G4,CONTROL,EGFP,H1_ARCHT_TAGGED_CONTEXT,tagged_context,tagged_context_partial_cue,False,True,False,True,1,off,none,0.0,1.0,0.0,True,0.25,0.0,0,A,1.0,1.0,1.0,0.0,1.0,1.0,0.08,12.5,fixed_point,2,1,,A,True,6,A,A,B,carvone,mint,off_then_on,0.46211715726000974,0.7615941559557649,0.9640275800758169,0.999329299739067
network_015,20260829,EGFP_TAGGED_CONTEXT_CONTROL,G4,CONTROL,EGFP,H1_ARCHT_TAGGED_CONTEXT,tagged_context,tagged_context_partial_cue,False,True,False,True,1,on,none,0.0,1.0,0.0,True,0.25,0.0,0,A,1.0,1.0,1.0,0.0,1.0,1.0,0.08,12.5,fixed_point,2,1,,A,True,6,A,A,B,carvone,mint,off_then_on,0.46211715726000974,0.7615941559557649,0.9640275800758169,0.999329299739067
network_015,20260829,EGFP_UNTAGGED_CONTEXT_CONTROL,G4,CONTROL,EGFP,H2_CHR2_UNTAGGED_CONTEXT,untagged_context,untagged_context_partial_cue,False,True,False,True,1,off,none,0.0,0.0,1.0,True,0.25,0.0,0,B,-1.0,-1.0,0.0,1.0,1.0,0.20833333333333334,0.08,2.6041666666666665,fixed_point,2,1,,B,True,6,A,A,B,carvone,mint,off_then_on,-0.46211715726000974,-0.7615941559557649,-0.9640275800758169,-0.999329299739067
network_015,20260829,EGFP_UNTAGGED_CONTEXT_CONTROL,G4,CONTROL,EGFP,H2_CHR2_UNTAGGED_CONTEXT,untagged_context,untagged_context_partial_cue,False,True,False,True,1,on,none,0.0,0.0,1.0,True,0.25,0.0,0,B,-1.0,-1.0,0.0,1.0,1.0,0.20833333333333334,0.08,2.6041666666666665,fixed_point,2,1,,B,True,6,A,A,B,carvone,mint,off_then_on,-0.46211715726000974,-0.7615941559557649,-0.9640275800758169,-0.999329299739067
network_015,20260829,EGFP_C_TAGGED_LEADING_CONTROL,G4,CONTROL,EGFP,H3_ARCHT_C_TAGGED_LEADING,neutral_C,tone_present_tagged_high,False,True,False,True,1,off,none,0.0,0.325,0.175,True,0.25,0.0,0,A,1.0,1.0,1.0,0.0,1.0,1.0,0.08,12.5,fixed_point,3,1,,A,True,6,A,A,B,carvone,mint,off_then_on,0.46211715726000974,0.7615941559557649,0.9640275800758169,0.999329299739067
network_015,20260829,EGFP_C_TAGGED_LEADING_CONTROL,G4,CONTROL,EGFP,H3_ARCHT_C_TAGGED_LEADING,neutral_C,tone_present_tagged_high,False,True,False,True,1,on,none,0.0,0.325,0.175,True,0.25,0.0,0,A,1.0,1.0,1.0,0.0,1.0,1.0,0.08,12.5,fixed_point,3,1,,A,True,6,A,A,B,carvone,mint,off_then_on,0.46211715726000974,0.7615941559557649,0.9640275800758169,0.999329299739067
network_015,20260829,EGFP_C_TAGGED_TRAILING_CONTROL,G4,CONTROL,EGFP,H3_ARCHT_C_TAGGED_TRAILING,neutral_C,tone_present_untagged_high,False,True,False,True,1,off,none,0.0,0.175,0.325,True,0.25,0.0,0,B,-1.0,-1.0,0.0,1.0,1.0,0.20833333333333334,0.08,2.6041666666666665,fixed_point,3,1,,B,True,6,A,A,B,carvone,mint,off_then_on,-0.46211715726000974,-0.7615941559557649,-0.9640275800758169,-0.999329299739067
network_015,20260829,EGFP_C_TAGGED_TRAILING_CONTROL,G4,CONTROL,EGFP,H3_ARCHT_C_TAGGED_TRAILING,neutral_C,tone_present_untagged_high,False,True,False,True,1,on,none,0.0,0.175,0.325,True,0.25,0.0,0,B,-1.0,-1.0,0.0,1.0,1.0,0.20833333333333334,0.08,2.6041666666666665,fixed_point,3,1,,B,True,6,A,A,B,carvone,mint,off_then_on,-0.46211715726000974,-0.7615941559557649,-0.9640275800758169,-0.999329299739067
network_016,20260830,H1_ARCHT_TAGGED_CONTEXT,G1,H1,ArchT,,tagged_context,tagged_context_partial_cue,False,True,False,True,1,on,suppress,1.0,1.0,0.0,True,0.25,0.25,48,A,0.7857142857142857,1.0,0.7857142857142857,0.0,0.8421052631578947,0.59375,0.06375,9.313725490196079,fixed_point,2,1,,A,True,7,A,B,A,carvone,mint,on_then_off,0.3738207293206251,0.6559743341284774,0.9172526978798492,0.9962814746419252
network_016,20260830,H1_ARCHT_TAGGED_CONTEXT,G1,H1,ArchT,,tagged_context,tagged_context_partial_cue,False,True,False,True,1,off,none,0.0,1.0,0.0,True,0.25,0.0,0,A,1.0,1.0,1.0,0.0,1.0,1.0,0.08,12.5,fixed_point,2,1,,A,True,7,A,B,A,carvone,mint,on_then_off,0.46211715726000974,0.7615941559557649,0.9640275800758169,0.999329299739067
network_016,20260830,H2_CHR2_UNTAGGED_CONTEXT,G2,H2,ChR2,,untagged_context,untagged_context_partial_cue,False,True,False,True,1,on,activate,1.0,0.0,1.0,True,0.25,0.25,48,A,0.6103896103896105,0.6103896103896105,0.8051948051948052,0.19480519480519481,1.0,0.8802083333333333,0.08,11.002604166666666,cycle,2,2,2,A,True,7,A,B,A,carvone,mint,on_then_off,0.29605934470830425,0.5444012974765994,0.8398838805372157,0.9849671059236734
network_016,20260830,H2_CHR2_UNTAGGED_CONTEXT,G2,H2,ChR2,,untagged_context,untagged_context_partial_cue,False,True,False,True,1,off,none,0.0,0.0,1.0,True,0.25,0.0,0,B,-1.0,-1.0,0.0,1.0,1.0,0.17708333333333334,0.08,2.2135416666666665,fixed_point,2,1,,B,True,7,A,B,A,carvone,mint,on_then_off,-0.46211715726000974,-0.7615941559557649,-0.9640275800758169,-0.999329299739067
network_016,20260830,H3_ARCHT_C_TAGGED_LEADING,G3,H3,ArchT,,neutral_C,tone_present_tagged_high,False,True,False,True,1,on,suppress,1.0,0.325,0.175,True,0.25,0.25,48,A,0.44805194805194803,0.42857142857142855,0.7467532467532467,0.2987012987012987,0.8157894736842105,0.5208333333333334,0.08,6.510416666666667,cycle,6,2,2,A,True,7,A,B,A,carvone,mint,on_then_off,0.22035193488484542,0.42029638902097755,0.714395490089877,0.9459930833731142
network_016,20260830,H3_ARCHT_C_TAGGED_LEADING,G3,H3,ArchT,,neutral_C,tone_present_tagged_high,False,True,False,True,1,off,none,0.0,0.325,0.175,True,0.25,0.0,0,A,1.0,1.0,1.0,0.0,1.0,1.0,0.08,12.5,fixed_point,3,1,,A,True,7,A,B,A,carvone,mint,on_then_off,0.46211715726000974,0.7615941559557649,0.9640275800758169,0.999329299739067
network_016,20260830,H3_ARCHT_C_TAGGED_TRAILING,G3,H3,ArchT,,neutral_C,tone_present_untagged_high,False,True,False,True,1,on,suppress,1.0,0.175,0.325,True,0.25,0.25,48,B,-0.9545454545454546,-0.9130434782608696,0.045454545454545456,1.0,0.8157894736842105,0.125,0.08,1.5625,fixed_point,4,1,,B,True,7,A,B,A,carvone,mint,on_then_off,-0.44405677248152764,-0.7418339635443313,-0.9570090018249322,-0.9990353053383588
network_016,20260830,H3_ARCHT_C_TAGGED_TRAILING,G3,H3,ArchT,,neutral_C,tone_present_untagged_high,False,True,False,True,1,off,none,0.0,0.175,0.325,True,0.25,0.0,0,B,-1.0,-1.0,0.0,1.0,1.0,0.17708333333333334,0.08,2.2135416666666665,fixed_point,4,1,,B,True,7,A,B,A,carvone,mint,on_then_off,-0.46211715726000974,-0.7615941559557649,-0.9640275800758169,-0.999329299739067
network_016,20260830,EGFP_TAGGED_CONTEXT_CONTROL,G4,CONTROL,EGFP,H1_ARCHT_TAGGED_CONTEXT,tagged_context,tagged_context_partial_cue,False,True,False,True,1,on,none,0.0,1.0,0.0,True,0.25,0.0,0,A,1.0,1.0,1.0,0.0,1.0,1.0,0.08,12.5,fixed_point,2,1,,A,True,7,A,B,A,carvone,mint,on_then_off,0.46211715726000974,0.7615941559557649,0.9640275800758169,0.999329299739067
network_016,20260830,EGFP_TAGGED_CONTEXT_CONTROL,G4,CONTROL,EGFP,H1_ARCHT_TAGGED_CONTEXT,tagged_context,tagged_context_partial_cue,False,True,False,True,1,off,none,0.0,1.0,0.0,True,0.25,0.0,0,A,1.0,1.0,1.0,0.0,1.0,1.0,0.08,12.5,fixed_point,2,1,,A,True,7,A,B,A,carvone,mint,on_then_off,0.46211715726000974,0.7615941559557649,0.9640275800758169,0.999329299739067
network_016,20260830,EGFP_UNTAGGED_CONTEXT_CONTROL,G4,CONTROL,EGFP,H2_CHR2_UNTAGGED_CONTEXT,untagged_context,untagged_context_partial_cue,False,True,False,True,1,on,none,0.0,0.0,1.0,True,0.25,0.0,0,B,-1.0,-1.0,0.0,1.0,1.0,0.17708333333333334,0.08,2.2135416666666665,fixed_point,2,1,,B,True,7,A,B,A,carvone,mint,on_then_off,-0.46211715726000974,-0.7615941559557649,-0.9640275800758169,-0.999329299739067
network_016,20260830,EGFP_UNTAGGED_CONTEXT_CONTROL,G4,CONTROL,EGFP,H2_CHR2_UNTAGGED_CONTEXT,untagged_context,untagged_context_partial_cue,False,True,False,True,1,off,none,0.0,0.0,1.0,True,0.25,0.0,0,B,-1.0,-1.0,0.0,1.0,1.0,0.17708333333333334,0.08,2.2135416666666665,fixed_point,2,1,,B,True,7,A,B,A,carvone,mint,on_then_off,-0.46211715726000974,-0.7615941559557649,-0.9640275800758169,-0.999329299739067
network_016,20260830,EGFP_C_TAGGED_LEADING_CONTROL,G4,CONTROL,EGFP,H3_ARCHT_C_TAGGED_LEADING,neutral_C,tone_present_tagged_high,False,True,False,True,1,on,none,0.0,0.325,0.175,True,0.25,0.0,0,A,1.0,1.0,1.0,0.0,1.0,1.0,0.08,12.5,fixed_point,3,1,,A,True,7,A,B,A,carvone,mint,on_then_off,0.46211715726000974,0.7615941559557649,0.9640275800758169,0.999329299739067
network_016,20260830,EGFP_C_TAGGED_LEADING_CONTROL,G4,CONTROL,EGFP,H3_ARCHT_C_TAGGED_LEADING,neutral_C,tone_present_tagged_high,False,True,False,True,1,off,none,0.0,0.325,0.175,True,0.25,0.0,0,A,1.0,1.0,1.0,0.0,1.0,1.0,0.08,12.5,fixed_point,3,1,,A,True,7,A,B,A,carvone,mint,on_then_off,0.46211715726000974,0.7615941559557649,0.9640275800758169,0.999329299739067
network_016,20260830,EGFP_C_TAGGED_TRAILING_CONTROL,G4,CONTROL,EGFP,H3_ARCHT_C_TAGGED_TRAILING,neutral_C,tone_present_untagged_high,False,True,False,True,1,on,none,0.0,0.175,0.325,True,0.25,0.0,0,B,-1.0,-1.0,0.0,1.0,1.0,0.17708333333333334,0.08,2.2135416666666665,fixed_point,4,1,,B,True,7,A,B,A,carvone,mint,on_then_off,-0.46211715726000974,-0.7615941559557649,-0.9640275800758169,-0.999329299739067
network_016,20260830,EGFP_C_TAGGED_TRAILING_CONTROL,G4,CONTROL,EGFP,H3_ARCHT_C_TAGGED_TRAILING,neutral_C,tone_present_untagged_high,False,True,False,True,1,off,none,0.0,0.175,0.325,True,0.25,0.0,0,B,-1.0,-1.0,0.0,1.0,1.0,0.17708333333333334,0.08,2.2135416666666665,fixed_point,4,1,,B,True,7,A,B,A,carvone,mint,on_then_off,-0.46211715726000974,-0.7615941559557649,-0.9640275800758169,-0.999329299739067
network_017,20260831,H1_ARCHT_TAGGED_CONTEXT,G1,H1,ArchT,,tagged_context,tagged_context_partial_cue,False,True,False,True,1,off,none,0.0,1.0,0.0,True,0.25,0.0,0,A,1.0,1.0,1.0,0.0,1.0,1.0,0.08,12.5,fixed_point,2,1,,A,True,0,A,A,B,mint,carvone,off_then_on,0.46211715726000974,0.7615941559557649,0.9640275800758169,0.999329299739067
network_017,20260831,H1_ARCHT_TAGGED_CONTEXT,G1,H1,ArchT,,tagged_context,tagged_context_partial_cue,False,True,False,True,1,on,suppress,1.0,1.0,0.0,True,0.25,0.25,48,A,0.7922077922077922,1.0,0.7922077922077922,0.0,0.7368421052631579,0.5625,0.0625,9.0,fixed_point,2,1,,A,True,0,A,A,B,mint,carvone,off_then_on,0.3766103793667801,0.6596579273572187,0.9192886869455941,0.9964693808494924
network_017,20260831,H2_CHR2_UNTAGGED_CONTEXT,G2,H2,ChR2,,untagged_context,untagged_context_partial_cue,False,True,False,True,1,off,none,0.0,0.0,1.0,True,0.25,0.0,0,B,-1.0,-1.0,0.0,1.0,1.0,0.21875,0.08,2.734375,fixed_point,2,1,,B,True,0,A,A,B,mint,carvone,off_then_on,-0.46211715726000974,-0.7615941559557649,-0.9640275800758169,-0.999329299739067
network_017,20260831,H2_CHR2_UNTAGGED_CONTEXT,G2,H2,ChR2,,untagged_context,untagged_context_partial_cue,False,True,False,True,1,on,activate,1.0,0.0,1.0,True,0.25,0.25,48,A,0.6103896103896105,0.6103896103896105,0.8051948051948052,0.19480519480519481,1.0,0.90625,0.08,11.328125,cycle,2,2,2,A,True,0,A,A,B,mint,carvone,off_then_on,0.29605934470830425,0.5444012974765994,0.8398838805372157,0.9849671059236734
network_017,20260831,H3_ARCHT_C_TAGGED_LEADING,G3,H3,ArchT,,neutral_C,tone_present_tagged_high,False,True,False,True,1,off,none,0.0,0.325,0.175,True,0.25,0.0,0,A,1.0,1.0,1.0,0.0,1.0,1.0,0.08,12.5,fixed_point,4,1,,A,True,0,A,A,B,mint,carvone,off_then_on,0.46211715726000974,0.7615941559557649,0.9640275800758169,0.999329299739067
network_017,20260831,H3_ARCHT_C_TAGGED_LEADING,G3,H3,ArchT,,neutral_C,tone_present_tagged_high,False,True,False,True,1,on,suppress,1.0,0.325,0.175,True,0.25,0.25,48,A,0.4805194805194805,0.45121951219512196,0.7727272727272727,0.2922077922077922,0.7368421052631579,0.53125,0.08,6.640625,cycle,6,2,2,A,True,0,A,A,B,mint,carvone,off_then_on,0.23574107004727,0.4466595484090612,0.7447399397050122,0.9580881748179859
network_017,20260831,H3_ARCHT_C_TAGGED_TRAILING,G3,H3,ArchT,,neutral_C,tone_present_untagged_high,False,True,False,True,1,off,none,0.0,0.175,0.325,True,0.25,0.0,0,B,-1.0,-1.0,0.0,1.0,1.0,0.21875,0.08,2.734375,fixed_point,4,1,,B,True,0,A,A,B,mint,carvone,off_then_on,-0.46211715726000974,-0.7615941559557649,-0.9640275800758169,-0.999329299739067
network_017,20260831,H3_ARCHT_C_TAGGED_TRAILING,G3,H3,ArchT,,neutral_C,tone_present_untagged_high,False,True,False,True,1,on,suppress,1.0,0.175,0.325,True,0.25,0.25,48,B,-0.9415584415584416,-0.8895705521472392,0.05844155844155844,1.0,0.7368421052631579,0.14583333333333334,0.07958333333333334,1.8324607329842932,fixed_point,4,1,,B,True,0,A,A,B,mint,carvone,off_then_on,-0.43882869566608307,-0.7359374560857354,-0.9547685204206896,-0.9989297420920593
network_017,20260831,EGFP_TAGGED_CONTEXT_CONTROL,G4,CONTROL,EGFP,H1_ARCHT_TAGGED_CONTEXT,tagged_context,tagged_context_partial_cue,False,True,False,True,1,off,none,0.0,1.0,0.0,True,0.25,0.0,0,A,1.0,1.0,1.0,0.0,1.0,1.0,0.08,12.5,fixed_point,2,1,,A,True,0,A,A,B,mint,carvone,off_then_on,0.46211715726000974,0.7615941559557649,0.9640275800758169,0.999329299739067
network_017,20260831,EGFP_TAGGED_CONTEXT_CONTROL,G4,CONTROL,EGFP,H1_ARCHT_TAGGED_CONTEXT,tagged_context,tagged_context_partial_cue,False,True,False,True,1,on,none,0.0,1.0,0.0,True,0.25,0.0,0,A,1.0,1.0,1.0,0.0,1.0,1.0,0.08,12.5,fixed_point,2,1,,A,True,0,A,A,B,mint,carvone,off_then_on,0.46211715726000974,0.7615941559557649,0.9640275800758169,0.999329299739067
network_017,20260831,EGFP_UNTAGGED_CONTEXT_CONTROL,G4,CONTROL,EGFP,H2_CHR2_UNTAGGED_CONTEXT,untagged_context,untagged_context_partial_cue,False,True,False,True,1,off,none,0.0,0.0,1.0,True,0.25,0.0,0,B,-1.0,-1.0,0.0,1.0,1.0,0.21875,0.08,2.734375,fixed_point,2,1,,B,True,0,A,A,B,mint,carvone,off_then_on,-0.46211715726000974,-0.7615941559557649,-0.9640275800758169,-0.999329299739067
network_017,20260831,EGFP_UNTAGGED_CONTEXT_CONTROL,G4,CONTROL,EGFP,H2_CHR2_UNTAGGED_CONTEXT,untagged_context,untagged_context_partial_cue,False,True,False,True,1,on,none,0.0,0.0,1.0,True,0.25,0.0,0,B,-1.0,-1.0,0.0,1.0,1.0,0.21875,0.08,2.734375,fixed_point,2,1,,B,True,0,A,A,B,mint,carvone,off_then_on,-0.46211715726000974,-0.7615941559557649,-0.9640275800758169,-0.999329299739067
network_017,20260831,EGFP_C_TAGGED_LEADING_CONTROL,G4,CONTROL,EGFP,H3_ARCHT_C_TAGGED_LEADING,neutral_C,tone_present_tagged_high,False,True,False,True,1,off,none,0.0,0.325,0.175,True,0.25,0.0,0,A,1.0,1.0,1.0,0.0,1.0,1.0,0.08,12.5,fixed_point,4,1,,A,True,0,A,A,B,mint,carvone,off_then_on,0.46211715726000974,0.7615941559557649,0.9640275800758169,0.999329299739067
network_017,20260831,EGFP_C_TAGGED_LEADING_CONTROL,G4,CONTROL,EGFP,H3_ARCHT_C_TAGGED_LEADING,neutral_C,tone_present_tagged_high,False,True,False,True,1,on,none,0.0,0.325,0.175,True,0.25,0.0,0,A,1.0,1.0,1.0,0.0,1.0,1.0,0.08,12.5,fixed_point,4,1,,A,True,0,A,A,B,mint,carvone,off_then_on,0.46211715726000974,0.7615941559557649,0.9640275800758169,0.999329299739067
network_017,20260831,EGFP_C_TAGGED_TRAILING_CONTROL,G4,CONTROL,EGFP,H3_ARCHT_C_TAGGED_TRAILING,neutral_C,tone_present_untagged_high,False,True,False,True,1,off,none,0.0,0.175,0.325,True,0.25,0.0,0,B,-1.0,-1.0,0.0,1.0,1.0,0.21875,0.08,2.734375,fixed_point,4,1,,B,True,0,A,A,B,mint,carvone,off_then_on,-0.46211715726000974,-0.7615941559557649,-0.9640275800758169,-0.999329299739067
network_017,20260831,EGFP_C_TAGGED_TRAILING_CONTROL,G4,CONTROL,EGFP,H3_ARCHT_C_TAGGED_TRAILING,neutral_C,tone_present_untagged_high,False,True,False,True,1,on,none,0.0,0.175,0.325,True,0.25,0.0,0,B,-1.0,-1.0,0.0,1.0,1.0,0.21875,0.08,2.734375,fixed_point,4,1,,B,True,0,A,A,B,mint,carvone,off_then_on,-0.46211715726000974,-0.7615941559557649,-0.9640275800758169,-0.999329299739067
network_018,20260832,H1_ARCHT_TAGGED_CONTEXT,G1,H1,ArchT,,tagged_context,tagged_context_partial_cue,False,True,False,True,1,on,suppress,1.0,1.0,0.0,True,0.25,0.25,48,A,0.7597402597402597,1.0,0.7597402597402597,0.0,0.868421052631579,0.5625,0.0625,9.0,fixed_point,2,1,,A,True,1,A,B,A,mint,carvone,on_then_off,0.3625946774224781,0.6409239434157994,0.9086070865597745,0.9954246185598975
network_018,20260832,H1_ARCHT_TAGGED_CONTEXT,G1,H1,ArchT,,tagged_context,tagged_context_partial_cue,False,True,False,True,1,off,none,0.0,1.0,0.0,True,0.25,0.0,0,A,1.0,1.0,1.0,0.0,1.0,1.0,0.08,12.5,fixed_point,2,1,,A,True,1,A,B,A,mint,carvone,on_then_off,0.46211715726000974,0.7615941559557649,0.9640275800758169,0.999329299739067
network_018,20260832,H2_CHR2_UNTAGGED_CONTEXT,G2,H2,ChR2,,untagged_context,untagged_context_partial_cue,False,True,False,True,1,on,activate,1.0,0.0,1.0,True,0.25,0.25,48,A,0.6103896103896105,0.6103896103896105,0.8051948051948052,0.19480519480519481,1.0,0.890625,0.08,11.1328125,cycle,2,2,2,A,True,1,A,B,A,mint,carvone,on_then_off,0.29605934470830425,0.5444012974765994,0.8398838805372157,0.9849671059236734
network_018,20260832,H2_CHR2_UNTAGGED_CONTEXT,G2,H2,ChR2,,untagged_context,untagged_context_partial_cue,False,True,False,True,1,off,none,0.0,0.0,1.0,True,0.25,0.0,0,B,-1.0,-1.0,0.0,1.0,1.0,0.19791666666666666,0.08,2.473958333333333,fixed_point,2,1,,B,True,1,A,B,A,mint,carvone,on_then_off,-0.46211715726000974,-0.7615941559557649,-0.9640275800758169,-0.999329299739067
network_018,20260832,H3_ARCHT_C_TAGGED_LEADING,G3,H3,ArchT,,neutral_C,tone_present_tagged_high,False,True,False,True,1,on,suppress,1.0,0.325,0.175,True,0.25,0.25,48,A,0.4220779220779221,0.4088050314465409,0.7272727272727273,0.3051948051948052,0.868421052631579,0.5104166666666666,0.08,6.380208333333333,cycle,6,2,2,A,True,1,A,B,A,mint,carvone,on_then_off,0.20796074258524427,0.39867952447806476,0.6880040028188509,0.9339318323755041
network_018,20260832,H3_ARCHT_C_TAGGED_LEADING,G3,H3,ArchT,,neutral_C,tone_present_tagged_high,False,True,False,True,1,off,none,0.0,0.325,0.175,True,0.25,0.0,0,A,1.0,1.0,1.0,0.0,1.0,1.0,0.08,12.5,fixed_point,3,1,,A,True,1,A,B,A,mint,carvone,on_then_off,0.46211715726000974,0.7615941559557649,0.9640275800758169,0.999329299739067
network_018,20260832,H3_ARCHT_C_TAGGED_TRAILING,G3,H3,ArchT,,neutral_C,tone_present_untagged_high,False,True,False,True,1,on,suppress,1.0,0.175,0.325,True,0.25,0.25,48,B,-0.961038961038961,-0.925,0.03896103896103896,1.0,0.8421052631578947,0.140625,0.08,1.7578125,cycle,5,2,2,B,True,1,A,B,A,mint,carvone,on_then_off,-0.4466595484090612,-0.7447399397050122,-0.9580881748179859,-0.9990841175707301
network_018,20260832,H3_ARCHT_C_TAGGED_TRAILING,G3,H3,ArchT,,neutral_C,tone_present_untagged_high,False,True,False,True,1,off,none,0.0,0.175,0.325,True,0.25,0.0,0,B,-1.0,-1.0,0.0,1.0,1.0,0.19791666666666666,0.08,2.473958333333333,fixed_point,3,1,,B,True,1,A,B,A,mint,carvone,on_then_off,-0.46211715726000974,-0.7615941559557649,-0.9640275800758169,-0.999329299739067
network_018,20260832,EGFP_TAGGED_CONTEXT_CONTROL,G4,CONTROL,EGFP,H1_ARCHT_TAGGED_CONTEXT,tagged_context,tagged_context_partial_cue,False,True,False,True,1,on,none,0.0,1.0,0.0,True,0.25,0.0,0,A,1.0,1.0,1.0,0.0,1.0,1.0,0.08,12.5,fixed_point,2,1,,A,True,1,A,B,A,mint,carvone,on_then_off,0.46211715726000974,0.7615941559557649,0.9640275800758169,0.999329299739067
network_018,20260832,EGFP_TAGGED_CONTEXT_CONTROL,G4,CONTROL,EGFP,H1_ARCHT_TAGGED_CONTEXT,tagged_context,tagged_context_partial_cue,False,True,False,True,1,off,none,0.0,1.0,0.0,True,0.25,0.0,0,A,1.0,1.0,1.0,0.0,1.0,1.0,0.08,12.5,fixed_point,2,1,,A,True,1,A,B,A,mint,carvone,on_then_off,0.46211715726000974,0.7615941559557649,0.9640275800758169,0.999329299739067
network_018,20260832,EGFP_UNTAGGED_CONTEXT_CONTROL,G4,CONTROL,EGFP,H2_CHR2_UNTAGGED_CONTEXT,untagged_context,untagged_context_partial_cue,False,True,False,True,1,on,none,0.0,0.0,1.0,True,0.25,0.0,0,B,-1.0,-1.0,0.0,1.0,1.0,0.19791666666666666,0.08,2.473958333333333,fixed_point,2,1,,B,True,1,A,B,A,mint,carvone,on_then_off,-0.46211715726000974,-0.7615941559557649,-0.9640275800758169,-0.999329299739067
network_018,20260832,EGFP_UNTAGGED_CONTEXT_CONTROL,G4,CONTROL,EGFP,H2_CHR2_UNTAGGED_CONTEXT,untagged_context,untagged_context_partial_cue,False,True,False,True,1,off,none,0.0,0.0,1.0,True,0.25,0.0,0,B,-1.0,-1.0,0.0,1.0,1.0,0.19791666666666666,0.08,2.473958333333333,fixed_point,2,1,,B,True,1,A,B,A,mint,carvone,on_then_off,-0.46211715726000974,-0.7615941559557649,-0.9640275800758169,-0.999329299739067
network_018,20260832,EGFP_C_TAGGED_LEADING_CONTROL,G4,CONTROL,EGFP,H3_ARCHT_C_TAGGED_LEADING,neutral_C,tone_present_tagged_high,False,True,False,True,1,on,none,0.0,0.325,0.175,True,0.25,0.0,0,A,1.0,1.0,1.0,0.0,1.0,1.0,0.08,12.5,fixed_point,3,1,,A,True,1,A,B,A,mint,carvone,on_then_off,0.46211715726000974,0.7615941559557649,0.9640275800758169,0.999329299739067
network_018,20260832,EGFP_C_TAGGED_LEADING_CONTROL,G4,CONTROL,EGFP,H3_ARCHT_C_TAGGED_LEADING,neutral_C,tone_present_tagged_high,False,True,False,True,1,off,none,0.0,0.325,0.175,True,0.25,0.0,0,A,1.0,1.0,1.0,0.0,1.0,1.0,0.08,12.5,fixed_point,3,1,,A,True,1,A,B,A,mint,carvone,on_then_off,0.46211715726000974,0.7615941559557649,0.9640275800758169,0.999329299739067
network_018,20260832,EGFP_C_TAGGED_TRAILING_CONTROL,G4,CONTROL,EGFP,H3_ARCHT_C_TAGGED_TRAILING,neutral_C,tone_present_untagged_high,False,True,False,True,1,on,none,0.0,0.175,0.325,True,0.25,0.0,0,B,-1.0,-1.0,0.0,1.0,1.0,0.19791666666666666,0.08,2.473958333333333,fixed_point,3,1,,B,True,1,A,B,A,mint,carvone,on_then_off,-0.46211715726000974,-0.7615941559557649,-0.9640275800758169,-0.999329299739067
network_018,20260832,EGFP_C_TAGGED_TRAILING_CONTROL,G4,CONTROL,EGFP,H3_ARCHT_C_TAGGED_TRAILING,neutral_C,tone_present_untagged_high,False,True,False,True,1,off,none,0.0,0.175,0.325,True,0.25,0.0,0,B,-1.0,-1.0,0.0,1.0,1.0,0.19791666666666666,0.08,2.473958333333333,fixed_point,3,1,,B,True,1,A,B,A,mint,carvone,on_then_off,-0.46211715726000974,-0.7615941559557649,-0.9640275800758169,-0.999329299739067
network_019,20260833,H1_ARCHT_TAGGED_CONTEXT,G1,H1,ArchT,,tagged_context,tagged_context_partial_cue,False,True,False,True,1,off,none,0.0,1.0,0.0,True,0.25,0.0,0,A,1.0,1.0,1.0,0.0,1.0,1.0,0.08,12.5,fixed_point,2,1,,A,True,2,A,A,B,carvone,mint,off_then_on,0.46211715726000974,0.7615941559557649,0.9640275800758169,0.999329299739067
network_019,20260833,H1_ARCHT_TAGGED_CONTEXT,G1,H1,ArchT,,tagged_context,tagged_context_partial_cue,False,True,False,True,1,on,suppress,1.0,1.0,0.0,True,0.25,0.25,48,A,0.7662337662337663,1.0,0.7662337662337663,0.0,0.9210526315789473,0.59375,0.06375,9.313725490196079,fixed_point,2,1,,A,True,2,A,A,B,carvone,mint,off_then_on,0.36541123840189726,0.644734113690476,0.9108459081356788,0.9956557295805236
network_019,20260833,H2_CHR2_UNTAGGED_CONTEXT,G2,H2,ChR2,,untagged_context,untagged_context_partial_cue,False,True,False,True,1,off,none,0.0,0.0,1.0,True,0.25,0.0,0,B,-1.0,-1.0,0.0,1.0,1.0,0.19791666666666666,0.08,2.473958333333333,fixed_point,2,1,,B,True,2,A,A,B,carvone,mint,off_then_on,-0.46211715726000974,-0.7615941559557649,-0.9640275800758169,-0.999329299739067
network_019,20260833,H2_CHR2_UNTAGGED_CONTEXT,G2,H2,ChR2,,untagged_context,untagged_context_partial_cue,False,True,False,True,1,on,activate,1.0,0.0,1.0,True,0.25,0.25,48,A,0.6103896103896105,0.6103896103896105,0.8051948051948052,0.19480519480519481,1.0,0.8802083333333334,0.08,11.002604166666666,cycle,2,2,2,A,True,2,A,A,B,carvone,mint,off_then_on,0.29605934470830425,0.5444012974765994,0.8398838805372157,0.9849671059236734
network_019,20260833,H3_ARCHT_C_TAGGED_LEADING,G3,H3,ArchT,,neutral_C,tone_present_tagged_high,False,True,False,True,1,off,none,0.0,0.325,0.175,True,0.25,0.0,0,A,1.0,1.0,1.0,0.0,1.0,1.0,0.08,12.5,fixed_point,3,1,,A,True,2,A,A,B,carvone,mint,off_then_on,0.46211715726000974,0.7615941559557649,0.9640275800758169,0.999329299739067
network_019,20260833,H3_ARCHT_C_TAGGED_LEADING,G3,H3,ArchT,,neutral_C,tone_present_tagged_high,False,True,False,True,1,on,suppress,1.0,0.325,0.175,True,0.25,0.25,48,A,0.42207792207792205,0.4140127388535032,0.7207792207792207,0.2987012987012987,0.9210526315789473,0.5208333333333334,0.08,6.510416666666667,cycle,6,2,2,A,True,2,A,A,B,carvone,mint,off_then_on,0.20796074258524425,0.3986795244780647,0.6880040028188508,0.933931832375504
network_019,20260833,H3_ARCHT_C_TAGGED_TRAILING,G3,H3,ArchT,,neutral_C,tone_present_untagged_high,False,True,False,True,1,off,none,0.0,0.175,0.325,True,0.25,0.0,0,B,-1.0,-1.0,0.0,1.0,1.0,0.19791666666666666,0.08,2.473958333333333,fixed_point,3,1,,B,True,2,A,A,B,carvone,mint,off_then_on,-0.46211715726000974,-0.7615941559557649,-0.9640275800758169,-0.999329299739067
network_019,20260833,H3_ARCHT_C_TAGGED_TRAILING,G3,H3,ArchT,,neutral_C,tone_present_untagged_high,False,True,False,True,1,on,suppress,1.0,0.175,0.325,True,0.25,0.25,48,B,-0.9675324675324676,-0.9371069182389937,0.032467532467532464,1.0,0.868421052631579,0.15625,0.08,1.953125,cycle,5,2,2,B,True,2,A,A,B,carvone,mint,off_then_on,-0.4492547862381563,-0.7476179450766349,-0.9591408236748908,-0.9991304610451335
network_019,20260833,EGFP_TAGGED_CONTEXT_CONTROL,G4,CONTROL,EGFP,H1_ARCHT_TAGGED_CONTEXT,tagged_context,tagged_context_partial_cue,False,True,False,True,1,off,none,0.0,1.0,0.0,True,0.25,0.0,0,A,1.0,1.0,1.0,0.0,1.0,1.0,0.08,12.5,fixed_point,2,1,,A,True,2,A,A,B,carvone,mint,off_then_on,0.46211715726000974,0.7615941559557649,0.9640275800758169,0.999329299739067
network_019,20260833,EGFP_TAGGED_CONTEXT_CONTROL,G4,CONTROL,EGFP,H1_ARCHT_TAGGED_CONTEXT,tagged_context,tagged_context_partial_cue,False,True,False,True,1,on,none,0.0,1.0,0.0,True,0.25,0.0,0,A,1.0,1.0,1.0,0.0,1.0,1.0,0.08,12.5,fixed_point,2,1,,A,True,2,A,A,B,carvone,mint,off_then_on,0.46211715726000974,0.7615941559557649,0.9640275800758169,0.999329299739067
network_019,20260833,EGFP_UNTAGGED_CONTEXT_CONTROL,G4,CONTROL,EGFP,H2_CHR2_UNTAGGED_CONTEXT,untagged_context,untagged_context_partial_cue,False,True,False,True,1,off,none,0.0,0.0,1.0,True,0.25,0.0,0,B,-1.0,-1.0,0.0,1.0,1.0,0.19791666666666666,0.08,2.473958333333333,fixed_point,2,1,,B,True,2,A,A,B,carvone,mint,off_then_on,-0.46211715726000974,-0.7615941559557649,-0.9640275800758169,-0.999329299739067
network_019,20260833,EGFP_UNTAGGED_CONTEXT_CONTROL,G4,CONTROL,EGFP,H2_CHR2_UNTAGGED_CONTEXT,untagged_context,untagged_context_partial_cue,False,True,False,True,1,on,none,0.0,0.0,1.0,True,0.25,0.0,0,B,-1.0,-1.0,0.0,1.0,1.0,0.19791666666666666,0.08,2.473958333333333,fixed_point,2,1,,B,True,2,A,A,B,carvone,mint,off_then_on,-0.46211715726000974,-0.7615941559557649,-0.9640275800758169,-0.999329299739067
network_019,20260833,EGFP_C_TAGGED_LEADING_CONTROL,G4,CONTROL,EGFP,H3_ARCHT_C_TAGGED_LEADING,neutral_C,tone_present_tagged_high,False,True,False,True,1,off,none,0.0,0.325,0.175,True,0.25,0.0,0,A,1.0,1.0,1.0,0.0,1.0,1.0,0.08,12.5,fixed_point,3,1,,A,True,2,A,A,B,carvone,mint,off_then_on,0.46211715726000974,0.7615941559557649,0.9640275800758169,0.999329299739067
network_019,20260833,EGFP_C_TAGGED_LEADING_CONTROL,G4,CONTROL,EGFP,H3_ARCHT_C_TAGGED_LEADING,neutral_C,tone_present_tagged_high,False,True,False,True,1,on,none,0.0,0.325,0.175,True,0.25,0.0,0,A,1.0,1.0,1.0,0.0,1.0,1.0,0.08,12.5,fixed_point,3,1,,A,True,2,A,A,B,carvone,mint,off_then_on,0.46211715726000974,0.7615941559557649,0.9640275800758169,0.999329299739067
network_019,20260833,EGFP_C_TAGGED_TRAILING_CONTROL,G4,CONTROL,EGFP,H3_ARCHT_C_TAGGED_TRAILING,neutral_C,tone_present_untagged_high,False,True,False,True,1,off,none,0.0,0.175,0.325,True,0.25,0.0,0,B,-1.0,-1.0,0.0,1.0,1.0,0.19791666666666666,0.08,2.473958333333333,fixed_point,3,1,,B,True,2,A,A,B,carvone,mint,off_then_on,-0.46211715726000974,-0.7615941559557649,-0.9640275800758169,-0.999329299739067
network_019,20260833,EGFP_C_TAGGED_TRAILING_CONTROL,G4,CONTROL,EGFP,H3_ARCHT_C_TAGGED_TRAILING,neutral_C,tone_present_untagged_high,False,True,False,True,1,on,none,0.0,0.175,0.325,True,0.25,0.0,0,B,-1.0,-1.0,0.0,1.0,1.0,0.19791666666666666,0.08,2.473958333333333,fixed_point,3,1,,B,True,2,A,A,B,carvone,mint,off_then_on,-0.46211715726000974,-0.7615941559557649,-0.9640275800758169,-0.999329299739067
network_020,20260834,H1_ARCHT_TAGGED_CONTEXT,G1,H1,ArchT,,tagged_context,tagged_context_partial_cue,False,True,False,True,1,on,suppress,1.0,1.0,0.0,True,0.25,0.25,48,A,0.8246753246753247,1.0,0.8246753246753247,0.0,0.7368421052631579,0.6145833333333334,0.06458333333333334,9.516129032258064,fixed_point,2,1,,A,True,3,A,B,A,carvone,mint,on_then_off,0.3904557590564924,0.6776065390294825,0.9287684615088432,0.997275903304256
network_020,20260834,H1_ARCHT_TAGGED_CONTEXT,G1,H1,ArchT,,tagged_context,tagged_context_partial_cue,False,True,False,True,1,off,none,0.0,1.0,0.0,True,0.25,0.0,0,A,1.0,1.0,1.0,0.0,1.0,1.0,0.08,12.5,fixed_point,2,1,,A,True,3,A,B,A,carvone,mint,on_then_off,0.46211715726000974,0.7615941559557649,0.9640275800758169,0.999329299739067
network_020,20260834,H2_CHR2_UNTAGGED_CONTEXT,G2,H2,ChR2,,untagged_context,untagged_context_partial_cue,False,True,False,True,1,on,activate,1.0,0.0,1.0,True,0.25,0.25,48,A,0.6103896103896105,0.6103896103896105,0.8051948051948052,0.19480519480519481,1.0,0.890625,0.08,11.1328125,cycle,2,2,2,A,True,3,A,B,A,carvone,mint,on_then_off,0.29605934470830425,0.5444012974765994,0.8398838805372157,0.9849671059236734
network_020,20260834,H2_CHR2_UNTAGGED_CONTEXT,G2,H2,ChR2,,untagged_context,untagged_context_partial_cue,False,True,False,True,1,off,none,0.0,0.0,1.0,True,0.25,0.0,0,B,-1.0,-1.0,0.0,1.0,1.0,0.21875,0.08,2.734375,fixed_point,2,1,,B,True,3,A,B,A,carvone,mint,on_then_off,-0.46211715726000974,-0.7615941559557649,-0.9640275800758169,-0.999329299739067
network_020,20260834,H3_ARCHT_C_TAGGED_LEADING,G3,H3,ArchT,,neutral_C,tone_present_tagged_high,False,True,False,True,1,on,suppress,1.0,0.325,0.175,True,0.25,0.25,48,A,0.4675324675324676,0.43902439024390244,0.7662337662337663,0.2987012987012987,0.7368421052631579,0.5208333333333334,0.08,6.510416666666667,cycle,6,2,2,A,True,3,A,B,A,carvone,mint,on_then_off,0.22959911703275335,0.43620344056235,0.7329466076151819,0.9536058960490604
network_020,20260834,H3_ARCHT_C_TAGGED_LEADING,G3,H3,ArchT,,neutral_C,tone_present_tagged_high,False,True,False,True,1,off,none,0.0,0.325,0.175,True,0.25,0.0,0,A,1.0,1.0,1.0,0.0,1.0,1.0,0.08,12.5,fixed_point,4,1,,A,True,3,A,B,A,carvone,mint,on_then_off,0.46211715726000974,0.7615941559557649,0.9640275800758169,0.999329299739067
network_020,20260834,H3_ARCHT_C_TAGGED_TRAILING,G3,H3,ArchT,,neutral_C,tone_present_untagged_high,False,True,False,True,1,on,suppress,1.0,0.175,0.325,True,0.25,0.25,48,B,-0.948051948051948,-0.9012345679012346,0.05194805194805195,1.0,0.7368421052631579,0.15625,0.07916666666666666,1.973684210526316,fixed_point,4,1,,B,True,3,A,B,A,carvone,mint,on_then_off,-0.44144648067770365,-0.7388998554879961,-0.9559026673679503,-0.9989838929655188
network_020,20260834,H3_ARCHT_C_TAGGED_TRAILING,G3,H3,ArchT,,neutral_C,tone_present_untagged_high,False,True,False,True,1,off,none,0.0,0.175,0.325,True,0.25,0.0,0,B,-1.0,-1.0,0.0,1.0,1.0,0.21875,0.08,2.734375,fixed_point,3,1,,B,True,3,A,B,A,carvone,mint,on_then_off,-0.46211715726000974,-0.7615941559557649,-0.9640275800758169,-0.999329299739067
network_020,20260834,EGFP_TAGGED_CONTEXT_CONTROL,G4,CONTROL,EGFP,H1_ARCHT_TAGGED_CONTEXT,tagged_context,tagged_context_partial_cue,False,True,False,True,1,on,none,0.0,1.0,0.0,True,0.25,0.0,0,A,1.0,1.0,1.0,0.0,1.0,1.0,0.08,12.5,fixed_point,2,1,,A,True,3,A,B,A,carvone,mint,on_then_off,0.46211715726000974,0.7615941559557649,0.9640275800758169,0.999329299739067
network_020,20260834,EGFP_TAGGED_CONTEXT_CONTROL,G4,CONTROL,EGFP,H1_ARCHT_TAGGED_CONTEXT,tagged_context,tagged_context_partial_cue,False,True,False,True,1,off,none,0.0,1.0,0.0,True,0.25,0.0,0,A,1.0,1.0,1.0,0.0,1.0,1.0,0.08,12.5,fixed_point,2,1,,A,True,3,A,B,A,carvone,mint,on_then_off,0.46211715726000974,0.7615941559557649,0.9640275800758169,0.999329299739067
network_020,20260834,EGFP_UNTAGGED_CONTEXT_CONTROL,G4,CONTROL,EGFP,H2_CHR2_UNTAGGED_CONTEXT,untagged_context,untagged_context_partial_cue,False,True,False,True,1,on,none,0.0,0.0,1.0,True,0.25,0.0,0,B,-1.0,-1.0,0.0,1.0,1.0,0.21875,0.08,2.734375,fixed_point,2,1,,B,True,3,A,B,A,carvone,mint,on_then_off,-0.46211715726000974,-0.7615941559557649,-0.9640275800758169,-0.999329299739067
network_020,20260834,EGFP_UNTAGGED_CONTEXT_CONTROL,G4,CONTROL,EGFP,H2_CHR2_UNTAGGED_CONTEXT,untagged_context,untagged_context_partial_cue,False,True,False,True,1,off,none,0.0,0.0,1.0,True,0.25,0.0,0,B,-1.0,-1.0,0.0,1.0,1.0,0.21875,0.08,2.734375,fixed_point,2,1,,B,True,3,A,B,A,carvone,mint,on_then_off,-0.46211715726000974,-0.7615941559557649,-0.9640275800758169,-0.999329299739067
network_020,20260834,EGFP_C_TAGGED_LEADING_CONTROL,G4,CONTROL,EGFP,H3_ARCHT_C_TAGGED_LEADING,neutral_C,tone_present_tagged_high,False,True,False,True,1,on,none,0.0,0.325,0.175,True,0.25,0.0,0,A,1.0,1.0,1.0,0.0,1.0,1.0,0.08,12.5,fixed_point,4,1,,A,True,3,A,B,A,carvone,mint,on_then_off,0.46211715726000974,0.7615941559557649,0.9640275800758169,0.999329299739067
network_020,20260834,EGFP_C_TAGGED_LEADING_CONTROL,G4,CONTROL,EGFP,H3_ARCHT_C_TAGGED_LEADING,neutral_C,tone_present_tagged_high,False,True,False,True,1,off,none,0.0,0.325,0.175,True,0.25,0.0,0,A,1.0,1.0,1.0,0.0,1.0,1.0,0.08,12.5,fixed_point,4,1,,A,True,3,A,B,A,carvone,mint,on_then_off,0.46211715726000974,0.7615941559557649,0.9640275800758169,0.999329299739067
network_020,20260834,EGFP_C_TAGGED_TRAILING_CONTROL,G4,CONTROL,EGFP,H3_ARCHT_C_TAGGED_TRAILING,neutral_C,tone_present_untagged_high,False,True,False,True,1,on,none,0.0,0.175,0.325,True,0.25,0.0,0,B,-1.0,-1.0,0.0,1.0,1.0,0.21875,0.08,2.734375,fixed_point,3,1,,B,True,3,A,B,A,carvone,mint,on_then_off,-0.46211715726000974,-0.7615941559557649,-0.9640275800758169,-0.999329299739067
network_020,20260834,EGFP_C_TAGGED_TRAILING_CONTROL,G4,CONTROL,EGFP,H3_ARCHT_C_TAGGED_TRAILING,neutral_C,tone_present_untagged_high,False,True,False,True,1,off,none,0.0,0.175,0.325,True,0.25,0.0,0,B,-1.0,-1.0,0.0,1.0,1.0,0.21875,0.08,2.734375,fixed_point,3,1,,B,True,3,A,B,A,carvone,mint,on_then_off,-0.46211715726000974,-0.7615941559557649,-0.9640275800758169,-0.999329299739067
network_021,20260835,H1_ARCHT_TAGGED_CONTEXT,G1,H1,ArchT,,tagged_context,tagged_context_partial_cue,False,True,False,True,1,off,none,0.0,1.0,0.0,True,0.25,0.0,0,A,1.0,1.0,1.0,0.0,1.0,1.0,0.08,12.5,fixed_point,2,1,,A,True,4,A,A,B,mint,carvone,off_then_on,0.46211715726000974,0.7615941559557649,0.9640275800758169,0.999329299739067
network_021,20260835,H1_ARCHT_TAGGED_CONTEXT,G1,H1,ArchT,,tagged_context,tagged_context_partial_cue,False,True,False,True,1,on,suppress,1.0,1.0,0.0,True,0.25,0.25,48,A,0.8376623376623377,1.0,0.8376623376623377,0.0,0.7368421052631579,0.6354166666666666,0.06541666666666666,9.713375796178344,fixed_point,3,1,,A,True,4,A,A,B,mint,carvone,off_then_on,0.3959452979918316,0.6845688961697922,0.9322521864513653,0.997544390009845
network_021,20260835,H2_CHR2_UNTAGGED_CONTEXT,G2,H2,ChR2,,untagged_context,untagged_context_partial_cue,False,True,False,True,1,off,none,0.0,0.0,1.0,True,0.25,0.0,0,B,-1.0,-1.0,0.0,1.0,1.0,0.21875,0.08,2.734375,fixed_point,2,1,,B,True,4,A,A,B,mint,carvone,off_then_on,-0.46211715726000974,-0.7615941559557649,-0.9640275800758169,-0.999329299739067
network_021,20260835,H2_CHR2_UNTAGGED_CONTEXT,G2,H2,ChR2,,untagged_context,untagged_context_partial_cue,False,True,False,True,1,on,activate,1.0,0.0,1.0,True,0.25,0.25,48,A,0.6103896103896105,0.6103896103896105,0.8051948051948052,0.19480519480519481,1.0,0.9114583333333334,0.08,11.393229166666666,cycle,2,2,2,A,True,4,A,A,B,mint,carvone,off_then_on,0.29605934470830425,0.5444012974765994,0.8398838805372157,0.9849671059236734
network_021,20260835,H3_ARCHT_C_TAGGED_LEADING,G3,H3,ArchT,,neutral_C,tone_present_tagged_high,False,True,False,True,1,off,none,0.0,0.325,0.175,True,0.25,0.0,0,A,1.0,1.0,1.0,0.0,1.0,1.0,0.08,12.5,fixed_point,3,1,,A,True,4,A,A,B,mint,carvone,off_then_on,0.46211715726000974,0.7615941559557649,0.9640275800758169,0.999329299739067
network_021,20260835,H3_ARCHT_C_TAGGED_LEADING,G3,H3,ArchT,,neutral_C,tone_present_tagged_high,False,True,False,True,1,on,suppress,1.0,0.325,0.175,True,0.25,0.25,48,A,0.461038961038961,0.43558282208588955,0.7597402597402597,0.2987012987012987,0.7631578947368421,0.5208333333333334,0.08,6.510416666666667,cycle,6,2,2,A,True,4,A,A,B,mint,carvone,off_then_on,0.22652123523612328,0.43093061478197514,0.7268789416553123,0.9511924845142171
network_021,20260835,H3_ARCHT_C_TAGGED_TRAILING,G3,H3,ArchT,,neutral_C,tone_present_untagged_high,False,True,False,True,1,off,none,0.0,0.175,0.325,True,0.25,0.0,0,B,-1.0,-1.0,0.0,1.0,1.0,0.21875,0.08,2.734375,fixed_point,3,1,,B,True,4,A,A,B,mint,carvone,off_then_on,-0.46211715726000974,-0.7615941559557649,-0.9640275800758169,-0.999329299739067
network_021,20260835,H3_ARCHT_C_TAGGED_TRAILING,G3,H3,ArchT,,neutral_C,tone_present_untagged_high,False,True,False,True,1,on,suppress,1.0,0.175,0.325,True,0.25,0.25,48,B,-0.9545454545454546,-0.9130434782608696,0.045454545454545456,1.0,0.7894736842105263,0.15625,0.07958333333333334,1.963350785340314,fixed_point,4,1,,B,True,4,A,A,B,mint,carvone,off_then_on,-0.44405677248152764,-0.7418339635443313,-0.9570090018249322,-0.9990353053383588
network_021,20260835,EGFP_TAGGED_CONTEXT_CONTROL,G4,CONTROL,EGFP,H1_ARCHT_TAGGED_CONTEXT,tagged_context,tagged_context_partial_cue,False,True,False,True,1,off,none,0.0,1.0,0.0,True,0.25,0.0,0,A,1.0,1.0,1.0,0.0,1.0,1.0,0.08,12.5,fixed_point,2,1,,A,True,4,A,A,B,mint,carvone,off_then_on,0.46211715726000974,0.7615941559557649,0.9640275800758169,0.999329299739067
network_021,20260835,EGFP_TAGGED_CONTEXT_CONTROL,G4,CONTROL,EGFP,H1_ARCHT_TAGGED_CONTEXT,tagged_context,tagged_context_partial_cue,False,True,False,True,1,on,none,0.0,1.0,0.0,True,0.25,0.0,0,A,1.0,1.0,1.0,0.0,1.0,1.0,0.08,12.5,fixed_point,2,1,,A,True,4,A,A,B,mint,carvone,off_then_on,0.46211715726000974,0.7615941559557649,0.9640275800758169,0.999329299739067
network_021,20260835,EGFP_UNTAGGED_CONTEXT_CONTROL,G4,CONTROL,EGFP,H2_CHR2_UNTAGGED_CONTEXT,untagged_context,untagged_context_partial_cue,False,True,False,True,1,off,none,0.0,0.0,1.0,True,0.25,0.0,0,B,-1.0,-1.0,0.0,1.0,1.0,0.21875,0.08,2.734375,fixed_point,2,1,,B,True,4,A,A,B,mint,carvone,off_then_on,-0.46211715726000974,-0.7615941559557649,-0.9640275800758169,-0.999329299739067
network_021,20260835,EGFP_UNTAGGED_CONTEXT_CONTROL,G4,CONTROL,EGFP,H2_CHR2_UNTAGGED_CONTEXT,untagged_context,untagged_context_partial_cue,False,True,False,True,1,on,none,0.0,0.0,1.0,True,0.25,0.0,0,B,-1.0,-1.0,0.0,1.0,1.0,0.21875,0.08,2.734375,fixed_point,2,1,,B,True,4,A,A,B,mint,carvone,off_then_on,-0.46211715726000974,-0.7615941559557649,-0.9640275800758169,-0.999329299739067
network_021,20260835,EGFP_C_TAGGED_LEADING_CONTROL,G4,CONTROL,EGFP,H3_ARCHT_C_TAGGED_LEADING,neutral_C,tone_present_tagged_high,False,True,False,True,1,off,none,0.0,0.325,0.175,True,0.25,0.0,0,A,1.0,1.0,1.0,0.0,1.0,1.0,0.08,12.5,fixed_point,3,1,,A,True,4,A,A,B,mint,carvone,off_then_on,0.46211715726000974,0.7615941559557649,0.9640275800758169,0.999329299739067
network_021,20260835,EGFP_C_TAGGED_LEADING_CONTROL,G4,CONTROL,EGFP,H3_ARCHT_C_TAGGED_LEADING,neutral_C,tone_present_tagged_high,False,True,False,True,1,on,none,0.0,0.325,0.175,True,0.25,0.0,0,A,1.0,1.0,1.0,0.0,1.0,1.0,0.08,12.5,fixed_point,3,1,,A,True,4,A,A,B,mint,carvone,off_then_on,0.46211715726000974,0.7615941559557649,0.9640275800758169,0.999329299739067
network_021,20260835,EGFP_C_TAGGED_TRAILING_CONTROL,G4,CONTROL,EGFP,H3_ARCHT_C_TAGGED_TRAILING,neutral_C,tone_present_untagged_high,False,True,False,True,1,off,none,0.0,0.175,0.325,True,0.25,0.0,0,B,-1.0,-1.0,0.0,1.0,1.0,0.21875,0.08,2.734375,fixed_point,3,1,,B,True,4,A,A,B,mint,carvone,off_then_on,-0.46211715726000974,-0.7615941559557649,-0.9640275800758169,-0.999329299739067
network_021,20260835,EGFP_C_TAGGED_TRAILING_CONTROL,G4,CONTROL,EGFP,H3_ARCHT_C_TAGGED_TRAILING,neutral_C,tone_present_untagged_high,False,True,False,True,1,on,none,0.0,0.175,0.325,True,0.25,0.0,0,B,-1.0,-1.0,0.0,1.0,1.0,0.21875,0.08,2.734375,fixed_point,3,1,,B,True,4,A,A,B,mint,carvone,off_then_on,-0.46211715726000974,-0.7615941559557649,-0.9640275800758169,-0.999329299739067
network_022,20260836,H1_ARCHT_TAGGED_CONTEXT,G1,H1,ArchT,,tagged_context,tagged_context_partial_cue,False,True,False,True,1,on,suppress,1.0,1.0,0.0,True,0.25,0.25,48,A,0.7792207792207793,1.0,0.7792207792207793,0.0,0.8157894736842105,0.5729166666666666,0.06291666666666666,9.105960264900663,fixed_point,2,1,,A,True,5,A,B,A,mint,carvone,on_then_off,0.3710242994526192,0.6522592260298474,0.9151676198871733,0.9960835873298368
network_022,20260836,H1_ARCHT_TAGGED_CONTEXT,G1,H1,ArchT,,tagged_context,tagged_context_partial_cue,False,True,False,True,1,off,none,0.0,1.0,0.0,True,0.25,0.0,0,A,1.0,1.0,1.0,0.0,1.0,1.0,0.08,12.5,fixed_point,2,1,,A,True,5,A,B,A,mint,carvone,on_then_off,0.46211715726000974,0.7615941559557649,0.9640275800758169,0.999329299739067
network_022,20260836,H2_CHR2_UNTAGGED_CONTEXT,G2,H2,ChR2,,untagged_context,untagged_context_partial_cue,False,True,False,True,1,on,activate,1.0,0.0,1.0,True,0.25,0.25,48,A,0.6103896103896105,0.6103896103896105,0.8051948051948052,0.19480519480519481,1.0,0.90625,0.08,11.328125,cycle,2,2,2,A,True,5,A,B,A,mint,carvone,on_then_off,0.29605934470830425,0.5444012974765994,0.8398838805372157,0.9849671059236734
network_022,20260836,H2_CHR2_UNTAGGED_CONTEXT,G2,H2,ChR2,,untagged_context,untagged_context_partial_cue,False,True,False,True,1,off,none,0.0,0.0,1.0,True,0.25,0.0,0,B,-1.0,-1.0,0.0,1.0,1.0,0.21875,0.08,2.734375,fixed_point,2,1,,B,True,5,A,B,A,mint,carvone,on_then_off,-0.46211715726000974,-0.7615941559557649,-0.9640275800758169,-0.999329299739067
network_022,20260836,H3_ARCHT_C_TAGGED_LEADING,G3,H3,ArchT,,neutral_C,tone_present_tagged_high,False,True,False,True,1,on,suppress,1.0,0.325,0.175,True,0.25,0.25,48,A,0.4285714285714286,0.40740740740740744,0.7402597402597403,0.3116883116883117,0.7894736842105263,0.5,0.08,6.25,cycle,4,2,2,A,True,5,A,B,A,mint,carvone,on_then_off,0.2110649744411714,0.4041267397578592,0.694782670314738,0.9371712579368597
network_022,20260836,H3_ARCHT_C_TAGGED_LEADING,G3,H3,ArchT,,neutral_C,tone_present_tagged_high,False,True,False,True,1,off,none,0.0,0.325,0.175,True,0.25,0.0,0,A,1.0,1.0,1.0,0.0,1.0,1.0,0.08,12.5,fixed_point,3,1,,A,True,5,A,B,A,mint,carvone,on_then_off,0.46211715726000974,0.7615941559557649,0.9640275800758169,0.999329299739067
network_022,20260836,H3_ARCHT_C_TAGGED_TRAILING,G3,H3,ArchT,,neutral_C,tone_present_untagged_high,False,True,False,True,1,on,suppress,1.0,0.175,0.325,True,0.25,0.25,48,B,-0.948051948051948,-0.9012345679012346,0.05194805194805195,1.0,0.7894736842105263,0.14583333333333334,0.08,1.8229166666666667,cycle,4,2,2,B,True,5,A,B,A,mint,carvone,on_then_off,-0.44144648067770365,-0.7388998554879961,-0.9559026673679503,-0.9989838929655188
network_022,20260836,H3_ARCHT_C_TAGGED_TRAILING,G3,H3,ArchT,,neutral_C,tone_present_untagged_high,False,True,False,True,1,off,none,0.0,0.175,0.325,True,0.25,0.0,0,B,-1.0,-1.0,0.0,1.0,1.0,0.21875,0.08,2.734375,fixed_point,3,1,,B,True,5,A,B,A,mint,carvone,on_then_off,-0.46211715726000974,-0.7615941559557649,-0.9640275800758169,-0.999329299739067
network_022,20260836,EGFP_TAGGED_CONTEXT_CONTROL,G4,CONTROL,EGFP,H1_ARCHT_TAGGED_CONTEXT,tagged_context,tagged_context_partial_cue,False,True,False,True,1,on,none,0.0,1.0,0.0,True,0.25,0.0,0,A,1.0,1.0,1.0,0.0,1.0,1.0,0.08,12.5,fixed_point,2,1,,A,True,5,A,B,A,mint,carvone,on_then_off,0.46211715726000974,0.7615941559557649,0.9640275800758169,0.999329299739067
network_022,20260836,EGFP_TAGGED_CONTEXT_CONTROL,G4,CONTROL,EGFP,H1_ARCHT_TAGGED_CONTEXT,tagged_context,tagged_context_partial_cue,False,True,False,True,1,off,none,0.0,1.0,0.0,True,0.25,0.0,0,A,1.0,1.0,1.0,0.0,1.0,1.0,0.08,12.5,fixed_point,2,1,,A,True,5,A,B,A,mint,carvone,on_then_off,0.46211715726000974,0.7615941559557649,0.9640275800758169,0.999329299739067
network_022,20260836,EGFP_UNTAGGED_CONTEXT_CONTROL,G4,CONTROL,EGFP,H2_CHR2_UNTAGGED_CONTEXT,untagged_context,untagged_context_partial_cue,False,True,False,True,1,on,none,0.0,0.0,1.0,True,0.25,0.0,0,B,-1.0,-1.0,0.0,1.0,1.0,0.21875,0.08,2.734375,fixed_point,2,1,,B,True,5,A,B,A,mint,carvone,on_then_off,-0.46211715726000974,-0.7615941559557649,-0.9640275800758169,-0.999329299739067
network_022,20260836,EGFP_UNTAGGED_CONTEXT_CONTROL,G4,CONTROL,EGFP,H2_CHR2_UNTAGGED_CONTEXT,untagged_context,untagged_context_partial_cue,False,True,False,True,1,off,none,0.0,0.0,1.0,True,0.25,0.0,0,B,-1.0,-1.0,0.0,1.0,1.0,0.21875,0.08,2.734375,fixed_point,2,1,,B,True,5,A,B,A,mint,carvone,on_then_off,-0.46211715726000974,-0.7615941559557649,-0.9640275800758169,-0.999329299739067
network_022,20260836,EGFP_C_TAGGED_LEADING_CONTROL,G4,CONTROL,EGFP,H3_ARCHT_C_TAGGED_LEADING,neutral_C,tone_present_tagged_high,False,True,False,True,1,on,none,0.0,0.325,0.175,True,0.25,0.0,0,A,1.0,1.0,1.0,0.0,1.0,1.0,0.08,12.5,fixed_point,3,1,,A,True,5,A,B,A,mint,carvone,on_then_off,0.46211715726000974,0.7615941559557649,0.9640275800758169,0.999329299739067
network_022,20260836,EGFP_C_TAGGED_LEADING_CONTROL,G4,CONTROL,EGFP,H3_ARCHT_C_TAGGED_LEADING,neutral_C,tone_present_tagged_high,False,True,False,True,1,off,none,0.0,0.325,0.175,True,0.25,0.0,0,A,1.0,1.0,1.0,0.0,1.0,1.0,0.08,12.5,fixed_point,3,1,,A,True,5,A,B,A,mint,carvone,on_then_off,0.46211715726000974,0.7615941559557649,0.9640275800758169,0.999329299739067
network_022,20260836,EGFP_C_TAGGED_TRAILING_CONTROL,G4,CONTROL,EGFP,H3_ARCHT_C_TAGGED_TRAILING,neutral_C,tone_present_untagged_high,False,True,False,True,1,on,none,0.0,0.175,0.325,True,0.25,0.0,0,B,-1.0,-1.0,0.0,1.0,1.0,0.21875,0.08,2.734375,fixed_point,3,1,,B,True,5,A,B,A,mint,carvone,on_then_off,-0.46211715726000974,-0.7615941559557649,-0.9640275800758169,-0.999329299739067
network_022,20260836,EGFP_C_TAGGED_TRAILING_CONTROL,G4,CONTROL,EGFP,H3_ARCHT_C_TAGGED_TRAILING,neutral_C,tone_present_untagged_high,False,True,False,True,1,off,none,0.0,0.175,0.325,True,0.25,0.0,0,B,-1.0,-1.0,0.0,1.0,1.0,0.21875,0.08,2.734375,fixed_point,3,1,,B,True,5,A,B,A,mint,carvone,on_then_off,-0.46211715726000974,-0.7615941559557649,-0.9640275800758169,-0.999329299739067
network_023,20260837,H1_ARCHT_TAGGED_CONTEXT,G1,H1,ArchT,,tagged_context,tagged_context_partial_cue,False,True,False,True,1,off,none,0.0,1.0,0.0,True,0.25,0.0,0,A,1.0,1.0,1.0,0.0,1.0,1.0,0.08,12.5,fixed_point,2,1,,A,True,6,A,A,B,carvone,mint,off_then_on,0.46211715726000974,0.7615941559557649,0.9640275800758169,0.999329299739067
network_023,20260837,H1_ARCHT_TAGGED_CONTEXT,G1,H1,ArchT,,tagged_context,tagged_context_partial_cue,False,True,False,True,1,on,suppress,1.0,1.0,0.0,True,0.25,0.25,48,A,0.8116883116883117,1.0,0.8116883116883117,0.0,0.7631578947368421,0.6041666666666666,0.06416666666666666,9.415584415584416,fixed_point,2,1,,A,True,6,A,A,B,carvone,mint,off_then_on,0.38493831310664894,0.6705205623080887,0.9251125394721997,0.9969781057306213
network_023,20260837,H2_CHR2_UNTAGGED_CONTEXT,G2,H2,ChR2,,untagged_context,untagged_context_partial_cue,False,True,False,True,1,off,none,0.0,0.0,1.0,True,0.25,0.0,0,B,-1.0,-1.0,0.0,1.0,1.0,0.20833333333333334,0.08,2.6041666666666665,fixed_point,2,1,,B,True,6,A,A,B,carvone,mint,off_then_on,-0.46211715726000974,-0.7615941559557649,-0.9640275800758169,-0.999329299739067
network_023,20260837,H2_CHR2_UNTAGGED_CONTEXT,G2,H2,ChR2,,untagged_context,untagged_context_partial_cue,False,True,False,True,1,on,activate,1.0,0.0,1.0,True,0.25,0.25,48,A,0.6103896103896105,0.6103896103896105,0.8051948051948052,0.19480519480519481,1.0,0.8958333333333334,0.08,11.197916666666666,cycle,2,2,2,A,True,6,A,A,B,carvone,mint,off_then_on,0.29605934470830425,0.5444012974765994,0.8398838805372157,0.9849671059236734
network_023,20260837,H3_ARCHT_C_TAGGED_LEADING,G3,H3,ArchT,,neutral_C,tone_present_tagged_high,False,True,False,True,1,off,none,0.0,0.325,0.175,True,0.25,0.0,0,A,1.0,1.0,1.0,0.0,1.0,1.0,0.08,12.5,fixed_point,4,1,,A,True,6,A,A,B,carvone,mint,off_then_on,0.46211715726000974,0.7615941559557649,0.9640275800758169,0.999329299739067
network_023,20260837,H3_ARCHT_C_TAGGED_LEADING,G3,H3,ArchT,,neutral_C,tone_present_tagged_high,False,True,False,True,1,on,suppress,1.0,0.325,0.175,True,0.25,0.25,48,A,0.43506493506493504,0.41104294478527603,0.7467532467532467,0.3116883116883117,0.7631578947368421,0.5,0.08,6.25,cycle,4,2,2,A,True,6,A,A,B,carvone,mint,off_then_on,0.21416495471504224,0.40954544110426183,0.701440108607217,0.940256756119086
network_023,20260837,H3_ARCHT_C_TAGGED_TRAILING,G3,H3,ArchT,,neutral_C,tone_present_untagged_high,False,True,False,True,1,off,none,0.0,0.175,0.325,True,0.25,0.0,0,B,-1.0,-1.0,0.0,1.0,1.0,0.20833333333333334,0.08,2.6041666666666665,fixed_point,4,1,,B,True,6,A,A,B,carvone,mint,off_then_on,-0.46211715726000974,-0.7615941559557649,-0.9640275800758169,-0.999329299739067
network_023,20260837,H3_ARCHT_C_TAGGED_TRAILING,G3,H3,ArchT,,neutral_C,tone_present_untagged_high,False,True,False,True,1,on,suppress,1.0,0.175,0.325,True,0.25,0.25,48,B,-0.9675324675324676,-0.9371069182389937,0.032467532467532464,1.0,0.7894736842105263,0.15625,0.07875,1.9841269841269842,fixed_point,4,1,,B,True,6,A,A,B,carvone,mint,off_then_on,-0.4492547862381563,-0.7476179450766349,-0.9591408236748908,-0.9991304610451335
network_023,20260837,EGFP_TAGGED_CONTEXT_CONTROL,G4,CONTROL,EGFP,H1_ARCHT_TAGGED_CONTEXT,tagged_context,tagged_context_partial_cue,False,True,False,True,1,off,none,0.0,1.0,0.0,True,0.25,0.0,0,A,1.0,1.0,1.0,0.0,1.0,1.0,0.08,12.5,fixed_point,2,1,,A,True,6,A,A,B,carvone,mint,off_then_on,0.46211715726000974,0.7615941559557649,0.9640275800758169,0.999329299739067
network_023,20260837,EGFP_TAGGED_CONTEXT_CONTROL,G4,CONTROL,EGFP,H1_ARCHT_TAGGED_CONTEXT,tagged_context,tagged_context_partial_cue,False,True,False,True,1,on,none,0.0,1.0,0.0,True,0.25,0.0,0,A,1.0,1.0,1.0,0.0,1.0,1.0,0.08,12.5,fixed_point,2,1,,A,True,6,A,A,B,carvone,mint,off_then_on,0.46211715726000974,0.7615941559557649,0.9640275800758169,0.999329299739067
network_023,20260837,EGFP_UNTAGGED_CONTEXT_CONTROL,G4,CONTROL,EGFP,H2_CHR2_UNTAGGED_CONTEXT,untagged_context,untagged_context_partial_cue,False,True,False,True,1,off,none,0.0,0.0,1.0,True,0.25,0.0,0,B,-1.0,-1.0,0.0,1.0,1.0,0.20833333333333334,0.08,2.6041666666666665,fixed_point,2,1,,B,True,6,A,A,B,carvone,mint,off_then_on,-0.46211715726000974,-0.7615941559557649,-0.9640275800758169,-0.999329299739067
network_023,20260837,EGFP_UNTAGGED_CONTEXT_CONTROL,G4,CONTROL,EGFP,H2_CHR2_UNTAGGED_CONTEXT,untagged_context,untagged_context_partial_cue,False,True,False,True,1,on,none,0.0,0.0,1.0,True,0.25,0.0,0,B,-1.0,-1.0,0.0,1.0,1.0,0.20833333333333334,0.08,2.6041666666666665,fixed_point,2,1,,B,True,6,A,A,B,carvone,mint,off_then_on,-0.46211715726000974,-0.7615941559557649,-0.9640275800758169,-0.999329299739067
network_023,20260837,EGFP_C_TAGGED_LEADING_CONTROL,G4,CONTROL,EGFP,H3_ARCHT_C_TAGGED_LEADING,neutral_C,tone_present_tagged_high,False,True,False,True,1,off,none,0.0,0.325,0.175,True,0.25,0.0,0,A,1.0,1.0,1.0,0.0,1.0,1.0,0.08,12.5,fixed_point,4,1,,A,True,6,A,A,B,carvone,mint,off_then_on,0.46211715726000974,0.7615941559557649,0.9640275800758169,0.999329299739067
network_023,20260837,EGFP_C_TAGGED_LEADING_CONTROL,G4,CONTROL,EGFP,H3_ARCHT_C_TAGGED_LEADING,neutral_C,tone_present_tagged_high,False,True,False,True,1,on,none,0.0,0.325,0.175,True,0.25,0.0,0,A,1.0,1.0,1.0,0.0,1.0,1.0,0.08,12.5,fixed_point,4,1,,A,True,6,A,A,B,carvone,mint,off_then_on,0.46211715726000974,0.7615941559557649,0.9640275800758169,0.999329299739067
network_023,20260837,EGFP_C_TAGGED_TRAILING_CONTROL,G4,CONTROL,EGFP,H3_ARCHT_C_TAGGED_TRAILING,neutral_C,tone_present_untagged_high,False,True,False,True,1,off,none,0.0,0.175,0.325,True,0.25,0.0,0,B,-1.0,-1.0,0.0,1.0,1.0,0.20833333333333334,0.08,2.6041666666666665,fixed_point,4,1,,B,True,6,A,A,B,carvone,mint,off_then_on,-0.46211715726000974,-0.7615941559557649,-0.9640275800758169,-0.999329299739067
network_023,20260837,EGFP_C_TAGGED_TRAILING_CONTROL,G4,CONTROL,EGFP,H3_ARCHT_C_TAGGED_TRAILING,neutral_C,tone_present_untagged_high,False,True,False,True,1,on,none,0.0,0.175,0.325,True,0.25,0.0,0,B,-1.0,-1.0,0.0,1.0,1.0,0.20833333333333334,0.08,2.6041666666666665,fixed_point,4,1,,B,True,6,A,A,B,carvone,mint,off_then_on,-0.46211715726000974,-0.7615941559557649,-0.9640275800758169,-0.999329299739067
network_024,20260838,H1_ARCHT_TAGGED_CONTEXT,G1,H1,ArchT,,tagged_context,tagged_context_partial_cue,False,True,False,True,1,on,suppress,1.0,1.0,0.0,True,0.25,0.25,48,A,0.7987012987012987,1.0,0.7987012987012987,0.0,0.7631578947368421,0.5833333333333334,0.06333333333333334,9.210526315789474,fixed_point,2,1,,A,True,7,A,B,A,carvone,mint,on_then_off,0.37939321561811595,0.6633100983327314,0.9212766376432162,0.9966478076402583
network_024,20260838,H1_ARCHT_TAGGED_CONTEXT,G1,H1,ArchT,,tagged_context,tagged_context_partial_cue,False,True,False,True,1,off,none,0.0,1.0,0.0,True,0.25,0.0,0,A,1.0,1.0,1.0,0.0,1.0,1.0,0.08,12.5,fixed_point,2,1,,A,True,7,A,B,A,carvone,mint,on_then_off,0.46211715726000974,0.7615941559557649,0.9640275800758169,0.999329299739067
network_024,20260838,H2_CHR2_UNTAGGED_CONTEXT,G2,H2,ChR2,,untagged_context,untagged_context_partial_cue,False,True,False,True,1,on,activate,1.0,0.0,1.0,True,0.25,0.25,48,A,0.6103896103896105,0.6103896103896105,0.8051948051948052,0.19480519480519481,1.0,0.8958333333333334,0.08,11.197916666666666,cycle,2,2,2,A,True,7,A,B,A,carvone,mint,on_then_off,0.29605934470830425,0.5444012974765994,0.8398838805372157,0.9849671059236734
network_024,20260838,H2_CHR2_UNTAGGED_CONTEXT,G2,H2,ChR2,,untagged_context,untagged_context_partial_cue,False,True,False,True,1,off,none,0.0,0.0,1.0,True,0.25,0.0,0,B,-1.0,-1.0,0.0,1.0,1.0,0.21875,0.08,2.734375,fixed_point,2,1,,B,True,7,A,B,A,carvone,mint,on_then_off,-0.46211715726000974,-0.7615941559557649,-0.9640275800758169,-0.999329299739067
network_024,20260838,H3_ARCHT_C_TAGGED_LEADING,G3,H3,ArchT,,neutral_C,tone_present_tagged_high,False,True,False,True,1,on,suppress,1.0,0.325,0.175,True,0.25,0.25,48,A,0.48051948051948057,0.45679012345679015,0.7662337662337663,0.2857142857142857,0.7894736842105263,0.5416666666666666,0.08,6.770833333333333,cycle,6,2,2,A,True,7,A,B,A,carvone,mint,on_then_off,0.23574107004727002,0.4466595484090612,0.7447399397050122,0.9580881748179859
network_024,20260838,H3_ARCHT_C_TAGGED_LEADING,G3,H3,ArchT,,neutral_C,tone_present_tagged_high,False,True,False,True,1,off,none,0.0,0.325,0.175,True,0.25,0.0,0,A,1.0,1.0,1.0,0.0,1.0,1.0,0.08,12.5,fixed_point,4,1,,A,True,7,A,B,A,carvone,mint,on_then_off,0.46211715726000974,0.7615941559557649,0.9640275800758169,0.999329299739067
network_024,20260838,H3_ARCHT_C_TAGGED_TRAILING,G3,H3,ArchT,,neutral_C,tone_present_untagged_high,False,True,False,True,1,on,suppress,1.0,0.175,0.325,True,0.25,0.25,48,B,-0.948051948051948,-0.9012345679012346,0.05194805194805195,1.0,0.7894736842105263,0.16666666666666666,0.08,2.083333333333333,fixed_point,4,1,,B,True,7,A,B,A,carvone,mint,on_then_off,-0.44144648067770365,-0.7388998554879961,-0.9559026673679503,-0.9989838929655188
network_024,20260838,H3_ARCHT_C_TAGGED_TRAILING,G3,H3,ArchT,,neutral_C,tone_present_untagged_high,False,True,False,True,1,off,none,0.0,0.175,0.325,True,0.25,0.0,0,B,-1.0,-1.0,0.0,1.0,1.0,0.21875,0.08,2.734375,fixed_point,4,1,,B,True,7,A,B,A,carvone,mint,on_then_off,-0.46211715726000974,-0.7615941559557649,-0.9640275800758169,-0.999329299739067
network_024,20260838,EGFP_TAGGED_CONTEXT_CONTROL,G4,CONTROL,EGFP,H1_ARCHT_TAGGED_CONTEXT,tagged_context,tagged_context_partial_cue,False,True,False,True,1,on,none,0.0,1.0,0.0,True,0.25,0.0,0,A,1.0,1.0,1.0,0.0,1.0,1.0,0.08,12.5,fixed_point,2,1,,A,True,7,A,B,A,carvone,mint,on_then_off,0.46211715726000974,0.7615941559557649,0.9640275800758169,0.999329299739067
network_024,20260838,EGFP_TAGGED_CONTEXT_CONTROL,G4,CONTROL,EGFP,H1_ARCHT_TAGGED_CONTEXT,tagged_context,tagged_context_partial_cue,False,True,False,True,1,off,none,0.0,1.0,0.0,True,0.25,0.0,0,A,1.0,1.0,1.0,0.0,1.0,1.0,0.08,12.5,fixed_point,2,1,,A,True,7,A,B,A,carvone,mint,on_then_off,0.46211715726000974,0.7615941559557649,0.9640275800758169,0.999329299739067
network_024,20260838,EGFP_UNTAGGED_CONTEXT_CONTROL,G4,CONTROL,EGFP,H2_CHR2_UNTAGGED_CONTEXT,untagged_context,untagged_context_partial_cue,False,True,False,True,1,on,none,0.0,0.0,1.0,True,0.25,0.0,0,B,-1.0,-1.0,0.0,1.0,1.0,0.21875,0.08,2.734375,fixed_point,2,1,,B,True,7,A,B,A,carvone,mint,on_then_off,-0.46211715726000974,-0.7615941559557649,-0.9640275800758169,-0.999329299739067
network_024,20260838,EGFP_UNTAGGED_CONTEXT_CONTROL,G4,CONTROL,EGFP,H2_CHR2_UNTAGGED_CONTEXT,untagged_context,untagged_context_partial_cue,False,True,False,True,1,off,none,0.0,0.0,1.0,True,0.25,0.0,0,B,-1.0,-1.0,0.0,1.0,1.0,0.21875,0.08,2.734375,fixed_point,2,1,,B,True,7,A,B,A,carvone,mint,on_then_off,-0.46211715726000974,-0.7615941559557649,-0.9640275800758169,-0.999329299739067
network_024,20260838,EGFP_C_TAGGED_LEADING_CONTROL,G4,CONTROL,EGFP,H3_ARCHT_C_TAGGED_LEADING,neutral_C,tone_present_tagged_high,False,True,False,True,1,on,none,0.0,0.325,0.175,True,0.25,0.0,0,A,1.0,1.0,1.0,0.0,1.0,1.0,0.08,12.5,fixed_point,4,1,,A,True,7,A,B,A,carvone,mint,on_then_off,0.46211715726000974,0.7615941559557649,0.9640275800758169,0.999329299739067
network_024,20260838,EGFP_C_TAGGED_LEADING_CONTROL,G4,CONTROL,EGFP,H3_ARCHT_C_TAGGED_LEADING,neutral_C,tone_present_tagged_high,False,True,False,True,1,off,none,0.0,0.325,0.175,True,0.25,0.0,0,A,1.0,1.0,1.0,0.0,1.0,1.0,0.08,12.5,fixed_point,4,1,,A,True,7,A,B,A,carvone,mint,on_then_off,0.46211715726000974,0.7615941559557649,0.9640275800758169,0.999329299739067
network_024,20260838,EGFP_C_TAGGED_TRAILING_CONTROL,G4,CONTROL,EGFP,H3_ARCHT_C_TAGGED_TRAILING,neutral_C,tone_present_untagged_high,False,True,False,True,1,on,none,0.0,0.175,0.325,True,0.25,0.0,0,B,-1.0,-1.0,0.0,1.0,1.0,0.21875,0.08,2.734375,fixed_point,4,1,,B,True,7,A,B,A,carvone,mint,on_then_off,-0.46211715726000974,-0.7615941559557649,-0.9640275800758169,-0.999329299739067
network_024,20260838,EGFP_C_TAGGED_TRAILING_CONTROL,G4,CONTROL,EGFP,H3_ARCHT_C_TAGGED_TRAILING,neutral_C,tone_present_untagged_high,False,True,False,True,1,off,none,0.0,0.175,0.325,True,0.25,0.0,0,B,-1.0,-1.0,0.0,1.0,1.0,0.21875,0.08,2.734375,fixed_point,4,1,,B,True,7,A,B,A,carvone,mint,on_then_off,-0.46211715726000974,-0.7615941559557649,-0.9640275800758169,-0.999329299739067
network_025,20260839,H1_ARCHT_TAGGED_CONTEXT,G1,H1,ArchT,,tagged_context,tagged_context_partial_cue,False,True,False,True,1,off,none,0.0,1.0,0.0,True,0.25,0.0,0,A,1.0,1.0,1.0,0.0,1.0,1.0,0.08,12.5,fixed_point,2,1,,A,True,0,A,A,B,mint,carvone,off_then_on,0.46211715726000974,0.7615941559557649,0.9640275800758169,0.999329299739067
network_025,20260839,H1_ARCHT_TAGGED_CONTEXT,G1,H1,ArchT,,tagged_context,tagged_context_partial_cue,False,True,False,True,1,on,suppress,1.0,1.0,0.0,True,0.25,0.25,48,A,0.7597402597402597,1.0,0.7597402597402597,0.0,0.8947368421052632,0.5729166666666666,0.06291666666666666,9.105960264900663,fixed_point,2,1,,A,True,0,A,A,B,mint,carvone,off_then_on,0.3625946774224781,0.6409239434157994,0.9086070865597745,0.9954246185598975
network_025,20260839,H2_CHR2_UNTAGGED_CONTEXT,G2,H2,ChR2,,untagged_context,untagged_context_partial_cue,False,True,False,True,1,off,none,0.0,0.0,1.0,True,0.25,0.0,0,B,-1.0,-1.0,0.0,1.0,1.0,0.13541666666666666,0.08,1.6927083333333333,fixed_point,2,1,,B,True,0,A,A,B,mint,carvone,off_then_on,-0.46211715726000974,-0.7615941559557649,-0.9640275800758169,-0.999329299739067
network_025,20260839,H2_CHR2_UNTAGGED_CONTEXT,G2,H2,ChR2,,untagged_context,untagged_context_partial_cue,False,True,False,True,1,on,activate,1.0,0.0,1.0,True,0.25,0.25,48,A,0.6103896103896105,0.6103896103896105,0.8051948051948052,0.19480519480519481,1.0,0.921875,0.08,11.5234375,cycle,2,2,2,A,True,0,A,A,B,mint,carvone,off_then_on,0.29605934470830425,0.5444012974765994,0.8398838805372157,0.9849671059236734
network_025,20260839,H3_ARCHT_C_TAGGED_LEADING,G3,H3,ArchT,,neutral_C,tone_present_tagged_high,False,True,False,True,1,off,none,0.0,0.325,0.175,True,0.25,0.0,0,A,1.0,1.0,1.0,0.0,1.0,1.0,0.08,12.5,fixed_point,4,1,,A,True,0,A,A,B,mint,carvone,off_then_on,0.46211715726000974,0.7615941559557649,0.9640275800758169,0.999329299739067
network_025,20260839,H3_ARCHT_C_TAGGED_LEADING,G3,H3,ArchT,,neutral_C,tone_present_tagged_high,False,True,False,True,1,on,suppress,1.0,0.325,0.175,True,0.25,0.25,48,A,0.42207792207792205,0.4140127388535032,0.7207792207792207,0.2987012987012987,0.9210526315789473,0.5208333333333334,0.08,6.510416666666667,cycle,6,2,2,A,True,0,A,A,B,mint,carvone,off_then_on,0.20796074258524425,0.3986795244780647,0.6880040028188508,0.933931832375504
network_025,20260839,H3_ARCHT_C_TAGGED_TRAILING,G3,H3,ArchT,,neutral_C,tone_present_untagged_high,False,True,False,True,1,off,none,0.0,0.175,0.325,True,0.25,0.0,0,B,-1.0,-1.0,0.0,1.0,1.0,0.13541666666666666,0.08,1.6927083333333333,fixed_point,4,1,,B,True,0,A,A,B,mint,carvone,off_then_on,-0.46211715726000974,-0.7615941559557649,-0.9640275800758169,-0.999329299739067
network_025,20260839,H3_ARCHT_C_TAGGED_TRAILING,G3,H3,ArchT,,neutral_C,tone_present_untagged_high,False,True,False,True,1,on,suppress,1.0,0.175,0.325,True,0.25,0.25,48,B,-0.9675324675324676,-0.9371069182389937,0.032467532467532464,1.0,0.868421052631579,0.11458333333333334,0.08,1.4322916666666667,cycle,5,2,2,B,True,0,A,A,B,mint,carvone,off_then_on,-0.4492547862381563,-0.7476179450766349,-0.9591408236748908,-0.9991304610451335
network_025,20260839,EGFP_TAGGED_CONTEXT_CONTROL,G4,CONTROL,EGFP,H1_ARCHT_TAGGED_CONTEXT,tagged_context,tagged_context_partial_cue,False,True,False,True,1,off,none,0.0,1.0,0.0,True,0.25,0.0,0,A,1.0,1.0,1.0,0.0,1.0,1.0,0.08,12.5,fixed_point,2,1,,A,True,0,A,A,B,mint,carvone,off_then_on,0.46211715726000974,0.7615941559557649,0.9640275800758169,0.999329299739067
network_025,20260839,EGFP_TAGGED_CONTEXT_CONTROL,G4,CONTROL,EGFP,H1_ARCHT_TAGGED_CONTEXT,tagged_context,tagged_context_partial_cue,False,True,False,True,1,on,none,0.0,1.0,0.0,True,0.25,0.0,0,A,1.0,1.0,1.0,0.0,1.0,1.0,0.08,12.5,fixed_point,2,1,,A,True,0,A,A,B,mint,carvone,off_then_on,0.46211715726000974,0.7615941559557649,0.9640275800758169,0.999329299739067
network_025,20260839,EGFP_UNTAGGED_CONTEXT_CONTROL,G4,CONTROL,EGFP,H2_CHR2_UNTAGGED_CONTEXT,untagged_context,untagged_context_partial_cue,False,True,False,True,1,off,none,0.0,0.0,1.0,True,0.25,0.0,0,B,-1.0,-1.0,0.0,1.0,1.0,0.13541666666666666,0.08,1.6927083333333333,fixed_point,2,1,,B,True,0,A,A,B,mint,carvone,off_then_on,-0.46211715726000974,-0.7615941559557649,-0.9640275800758169,-0.999329299739067
network_025,20260839,EGFP_UNTAGGED_CONTEXT_CONTROL,G4,CONTROL,EGFP,H2_CHR2_UNTAGGED_CONTEXT,untagged_context,untagged_context_partial_cue,False,True,False,True,1,on,none,0.0,0.0,1.0,True,0.25,0.0,0,B,-1.0,-1.0,0.0,1.0,1.0,0.13541666666666666,0.08,1.6927083333333333,fixed_point,2,1,,B,True,0,A,A,B,mint,carvone,off_then_on,-0.46211715726000974,-0.7615941559557649,-0.9640275800758169,-0.999329299739067
network_025,20260839,EGFP_C_TAGGED_LEADING_CONTROL,G4,CONTROL,EGFP,H3_ARCHT_C_TAGGED_LEADING,neutral_C,tone_present_tagged_high,False,True,False,True,1,off,none,0.0,0.325,0.175,True,0.25,0.0,0,A,1.0,1.0,1.0,0.0,1.0,1.0,0.08,12.5,fixed_point,4,1,,A,True,0,A,A,B,mint,carvone,off_then_on,0.46211715726000974,0.7615941559557649,0.9640275800758169,0.999329299739067
network_025,20260839,EGFP_C_TAGGED_LEADING_CONTROL,G4,CONTROL,EGFP,H3_ARCHT_C_TAGGED_LEADING,neutral_C,tone_present_tagged_high,False,True,False,True,1,on,none,0.0,0.325,0.175,True,0.25,0.0,0,A,1.0,1.0,1.0,0.0,1.0,1.0,0.08,12.5,fixed_point,4,1,,A,True,0,A,A,B,mint,carvone,off_then_on,0.46211715726000974,0.7615941559557649,0.9640275800758169,0.999329299739067
network_025,20260839,EGFP_C_TAGGED_TRAILING_CONTROL,G4,CONTROL,EGFP,H3_ARCHT_C_TAGGED_TRAILING,neutral_C,tone_present_untagged_high,False,True,False,True,1,off,none,0.0,0.175,0.325,True,0.25,0.0,0,B,-1.0,-1.0,0.0,1.0,1.0,0.13541666666666666,0.08,1.6927083333333333,fixed_point,4,1,,B,True,0,A,A,B,mint,carvone,off_then_on,-0.46211715726000974,-0.7615941559557649,-0.9640275800758169,-0.999329299739067
network_025,20260839,EGFP_C_TAGGED_TRAILING_CONTROL,G4,CONTROL,EGFP,H3_ARCHT_C_TAGGED_TRAILING,neutral_C,tone_present_untagged_high,False,True,False,True,1,on,none,0.0,0.175,0.325,True,0.25,0.0,0,B,-1.0,-1.0,0.0,1.0,1.0,0.13541666666666666,0.08,1.6927083333333333,fixed_point,4,1,,B,True,0,A,A,B,mint,carvone,off_then_on,-0.46211715726000974,-0.7615941559557649,-0.9640275800758169,-0.999329299739067
